<?xml version="1.0" encoding="UTF-8"?><ImplementationGuide xmlns="http://hl7.org/fhir"><id value="ncd-th-ig"/><text><status value="extensions"/><div xmlns="http://www.w3.org/1999/xhtml"><h2>ThaiNCDIG</h2><p>The official URL for this implementation guide is: </p><pre>https://rathpanyowat.github.io/ncd-th-ig-demo/ImplementationGuide/ncd-th-ig</pre><div><p>Implementation Guide สำหรับการแลกเปลี่ยนข้อมูลผู้ป่วย NCD</p>
</div></div></text><url value="https://rathpanyowat.github.io/ncd-th-ig-demo/ImplementationGuide/ncd-th-ig"/><version value="0.1.0"/><name value="ThaiNCDIG"/><title value="Thai NCD Implementation Guide"/><status value="draft"/><date value="2022-02-22T11:05:10+07:00"/><publisher value="Standard and Interoperability Lab Thailand"/><contact><name value="Standard and Interoperability Lab Thailand"/><telecom><system value="url"/><value value="https://sil-th.github.io/"/></telecom></contact><description value="Implementation Guide สำหรับการแลกเปลี่ยนข้อมูลผู้ป่วย NCD"/><jurisdiction><coding><system value="urn:iso:std:iso:3166"/><code value="TH"/><display value="Thailand"/></coding></jurisdiction><packageId value="ncd-th-ig"/><license value="CC0-1.0"/><fhirVersion value="4.0.1"/><definition><extension url="http://hl7.org/fhir/tools/StructureDefinition/ig-parameter"><extension url="code"><valueString value="copyrightyear"/></extension><extension url="value"><valueString value="2022+"/></extension></extension><extension url="http://hl7.org/fhir/tools/StructureDefinition/ig-parameter"><extension url="code"><valueString value="releaselabel"/></extension><extension url="value"><valueString value="ci-build"/></extension></extension><extension url="http://hl7.org/fhir/tools/StructureDefinition/ig-parameter"><extension url="code"><valueString value="show-inherited-invariants"/></extension><extension url="value"><valueString value="false"/></extension></extension><extension url="http://hl7.org/fhir/tools/StructureDefinition/ig-parameter"><extension url="code"><valueString value="excludettl"/></extension><extension url="value"><valueString value="true"/></extension></extension><extension url="http://hl7.org/fhir/tools/StructureDefinition/ig-parameter"><extension url="code"><valueString value="autoload-resources"/></extension><extension url="value"><valueString value="true"/></extension></extension><extension url="http://hl7.org/fhir/tools/StructureDefinition/ig-parameter"><extension url="code"><valueString value="path-liquid"/></extension><extension url="value"><valueString value="template/liquid"/></extension></extension><extension url="http://hl7.org/fhir/tools/StructureDefinition/ig-parameter"><extension url="code"><valueString value="path-liquid"/></extension><extension url="value"><valueString value="input/liquid"/></extension></extension><extension url="http://hl7.org/fhir/tools/StructureDefinition/ig-parameter"><extension url="code"><valueString value="path-qa"/></extension><extension url="value"><valueString value="temp/qa"/></extension></extension><extension url="http://hl7.org/fhir/tools/StructureDefinition/ig-parameter"><extension url="code"><valueString value="path-temp"/></extension><extension url="value"><valueString value="temp/pages"/></extension></extension><extension url="http://hl7.org/fhir/tools/StructureDefinition/ig-parameter"><extension url="code"><valueString value="path-output"/></extension><extension url="value"><valueString value="output"/></extension></extension><extension url="http://hl7.org/fhir/tools/StructureDefinition/ig-parameter"><extension url="code"><valueString value="path-suppressed-warnings"/></extension><extension url="value"><valueString value="input/ignoreWarnings.txt"/></extension></extension><extension url="http://hl7.org/fhir/tools/StructureDefinition/ig-parameter"><extension url="code"><valueString value="path-history"/></extension><extension url="value"><valueString value="https://rathpanyowat.github.io/ncd-th-ig-demo/history.html"/></extension></extension><extension url="http://hl7.org/fhir/tools/StructureDefinition/ig-parameter"><extension url="code"><valueString value="template-html"/></extension><extension url="value"><valueString value="template-page.html"/></extension></extension><extension url="http://hl7.org/fhir/tools/StructureDefinition/ig-parameter"><extension url="code"><valueString value="template-md"/></extension><extension url="value"><valueString value="template-page-md.html"/></extension></extension><extension url="http://hl7.org/fhir/tools/StructureDefinition/ig-parameter"><extension url="code"><valueString value="apply-contact"/></extension><extension url="value"><valueString value="true"/></extension></extension><extension url="http://hl7.org/fhir/tools/StructureDefinition/ig-parameter"><extension url="code"><valueString value="apply-context"/></extension><extension url="value"><valueString value="true"/></extension></extension><extension url="http://hl7.org/fhir/tools/StructureDefinition/ig-parameter"><extension url="code"><valueString value="apply-copyright"/></extension><extension url="value"><valueString value="true"/></extension></extension><extension url="http://hl7.org/fhir/tools/StructureDefinition/ig-parameter"><extension url="code"><valueString value="apply-jurisdiction"/></extension><extension url="value"><valueString value="true"/></extension></extension><extension url="http://hl7.org/fhir/tools/StructureDefinition/ig-parameter"><extension url="code"><valueString value="apply-license"/></extension><extension url="value"><valueString value="true"/></extension></extension><extension url="http://hl7.org/fhir/tools/StructureDefinition/ig-parameter"><extension url="code"><valueString value="apply-publisher"/></extension><extension url="value"><valueString value="true"/></extension></extension><extension url="http://hl7.org/fhir/tools/StructureDefinition/ig-parameter"><extension url="code"><valueString value="apply-version"/></extension><extension url="value"><valueString value="true"/></extension></extension><extension url="http://hl7.org/fhir/tools/StructureDefinition/ig-parameter"><extension url="code"><valueString value="active-tables"/></extension><extension url="value"><valueString value="true"/></extension></extension><extension url="http://hl7.org/fhir/tools/StructureDefinition/ig-parameter"><extension url="code"><valueString value="fmm-definition"/></extension><extension url="value"><valueString value="http://hl7.org/fhir/versions.html#maturity"/></extension></extension><extension url="http://hl7.org/fhir/tools/StructureDefinition/ig-parameter"><extension url="code"><valueString value="propagate-status"/></extension><extension url="value"><valueString value="true"/></extension></extension><grouping id="-str-profile"><name value="Structures: Resource Profiles"/><description value="These define constraints on FHIR resources for systems conforming to this implementation guide"/></grouping><grouping id="-term-valueset"><name value="Terminology: Value Sets"/><description value="These define sets of codes used by systems conforming to this implementation guide"/></grouping><grouping id="-term-codesystem"><name value="Terminology: Code Systems"/><description value="These define new code systems used by systems conforming to this implementation guide"/></grouping><grouping id="-ex-example"><name value="Example: Example Instances"/><description value="These are example instances that show what data produced and consumed by systems conforming with this implementation guide might look like"/></grouping><resource><extension url="http://hl7.org/fhir/StructureDefinition/implementationguide-page"><valueUri value="StructureDefinition-ncdth-allergy-intolerance.html"/></extension><reference><reference value="StructureDefinition/ncdth-allergy-intolerance"/></reference><name value="NCD Thailand AllergyIntolerance Profile"/><description value="Profile สำหรับ AllergyIntolerance resource"/><exampleBoolean value="false"/><groupingId value="-str-profile"/></resource><resource><extension url="http://hl7.org/fhir/StructureDefinition/implementationguide-page"><valueUri value="StructureDefinition-ncdth-condition.html"/></extension><reference><reference value="StructureDefinition/ncdth-condition"/></reference><name value="NCD Thailand Condition Profile"/><description value="Profile สำหรับ Condition resource"/><exampleBoolean value="false"/><groupingId value="-str-profile"/></resource><resource><extension url="http://hl7.org/fhir/StructureDefinition/implementationguide-page"><valueUri value="StructureDefinition-ncdth-coverage.html"/></extension><reference><reference value="StructureDefinition/ncdth-coverage"/></reference><name value="NCD Thailand Coverage Profile"/><description value="Profile สำหรับ Coverage resource"/><exampleBoolean value="false"/><groupingId value="-str-profile"/></resource><resource><extension url="http://hl7.org/fhir/StructureDefinition/implementationguide-page"><valueUri value="StructureDefinition-ncdth-diagnostic-report-lab.html"/></extension><reference><reference value="StructureDefinition/ncdth-diagnostic-report-lab"/></reference><name value="NCD Thailand DiagnosticReport Profile for Lab Report"/><description value="Profile สำหรับ DiagnosticReport resource"/><exampleBoolean value="false"/><groupingId value="-str-profile"/></resource><resource><extension url="http://hl7.org/fhir/StructureDefinition/implementationguide-page"><valueUri value="StructureDefinition-ncdth-encounter.html"/></extension><reference><reference value="StructureDefinition/ncdth-encounter"/></reference><name value="NCD Thailand Encounter Profile"/><description value="Profile สำหรับ Encounter resource"/><exampleBoolean value="false"/><groupingId value="-str-profile"/></resource><resource><extension url="http://hl7.org/fhir/StructureDefinition/implementationguide-page"><valueUri value="StructureDefinition-ncdth-episode-of-care.html"/></extension><reference><reference value="StructureDefinition/ncdth-episode-of-care"/></reference><name value="NCD Thailand EpisodeOfCare Profile"/><description value="Profile สำหรับ EpisodeOfCare resource"/><exampleBoolean value="false"/><groupingId value="-str-profile"/></resource><resource><extension url="http://hl7.org/fhir/StructureDefinition/implementationguide-page"><valueUri value="StructureDefinition-ncdth-family-member-history.html"/></extension><reference><reference value="StructureDefinition/ncdth-family-member-history"/></reference><name value="NCD Thailand FamilyMemberHistory Profile"/><description value="Profile สำหรับ FamilyMemberHistory resource"/><exampleBoolean value="false"/><groupingId value="-str-profile"/></resource><resource><extension url="http://hl7.org/fhir/StructureDefinition/implementationguide-page"><valueUri value="StructureDefinition-ncdth-media.html"/></extension><reference><reference value="StructureDefinition/ncdth-media"/></reference><name value="NCD Thailand Media Profile"/><description value="Profile สำหรับ Media resource"/><exampleBoolean value="false"/><groupingId value="-str-profile"/></resource><resource><extension url="http://hl7.org/fhir/StructureDefinition/implementationguide-page"><valueUri value="StructureDefinition-ncdth-observation.html"/></extension><reference><reference value="StructureDefinition/ncdth-observation"/></reference><name value="NCD Thailand Observation Profile"/><description value="Profile สำหรับ Observation resource"/><exampleBoolean value="false"/><groupingId value="-str-profile"/></resource><resource><extension url="http://hl7.org/fhir/StructureDefinition/implementationguide-page"><valueUri value="StructureDefinition-ncdth-organization.html"/></extension><reference><reference value="StructureDefinition/ncdth-organization"/></reference><name value="NCD Thailand Organization Profile"/><description value="Profile สำหรับ Organization resource"/><exampleBoolean value="false"/><groupingId value="-str-profile"/></resource><resource><extension url="http://hl7.org/fhir/StructureDefinition/implementationguide-page"><valueUri value="StructureDefinition-ncdth-patient.html"/></extension><reference><reference value="StructureDefinition/ncdth-patient"/></reference><name value="NCD Thailand Patient Profile"/><description value="Profile สำหรับ Patient resource"/><exampleBoolean value="false"/><groupingId value="-str-profile"/></resource><resource><extension url="http://hl7.org/fhir/StructureDefinition/implementationguide-page"><valueUri value="ValueSet-th-gov-coverage-type-vs.html"/></extension><reference><reference value="ValueSet/th-gov-coverage-type-vs"/></reference><name value="Thai Government Coverage Type Value Set"/><description value="รหัสประเภทสิทธิ์การรักษาพยาบาลภาครัฐของไทย"/><exampleBoolean value="false"/><groupingId value="-term-valueset"/></resource><resource><extension url="http://hl7.org/fhir/StructureDefinition/implementationguide-page"><valueUri value="CodeSystem-th-gov-coverage-type-cs.html"/></extension><reference><reference value="CodeSystem/th-gov-coverage-type-cs"/></reference><name value="Thai Government Coverage Type Code System"/><description value="รหัสประเภทสิทธิ์การรักษาพยาบาลภาครัฐของไทย"/><exampleBoolean value="false"/><groupingId value="-term-codesystem"/></resource><resource><extension url="http://hl7.org/fhir/StructureDefinition/implementationguide-page"><valueUri value="Patient-PatientExample.html"/></extension><reference><reference value="Patient/PatientExample"/></reference><name value="NCD Thaland Patient Example"/><description value="ตัวอย่าง resource instance ที่สร้างตาม NCD Thailand Patient Profile"/><exampleCanonical value="https://rathpanyowat.github.io/ncd-th-ig-demo/StructureDefinition/ncdth-patient"/><groupingId value="-ex-example"/></resource><page><nameUrl value="toc.html"/><title value="Table of Contents"/><generation value="html"/><page><nameUrl value="index.html"/><title value="Home"/><generation value="markdown"/></page><page><nameUrl value="artifacts.html"/><title value="Artifacts Summary"/><generation value="html"/><page><nameUrl value="StructureDefinition-ncdth-allergy-intolerance.html"/><title value="NCD Thailand AllergyIntolerance Profile"/><generation value="generated"/></page><page><nameUrl value="StructureDefinition-ncdth-condition.html"/><title value="NCD Thailand Condition Profile"/><generation value="generated"/></page><page><nameUrl value="StructureDefinition-ncdth-coverage.html"/><title value="NCD Thailand Coverage Profile"/><generation value="generated"/></page><page><nameUrl value="StructureDefinition-ncdth-diagnostic-report-lab.html"/><title value="NCD Thailand DiagnosticReport Profile for Lab Report"/><generation value="generated"/></page><page><nameUrl value="StructureDefinition-ncdth-encounter.html"/><title value="NCD Thailand Encounter Profile"/><generation value="generated"/></page><page><nameUrl value="StructureDefinition-ncdth-episode-of-care.html"/><title value="NCD Thailand EpisodeOfCare Profile"/><generation value="generated"/></page><page><nameUrl value="StructureDefinition-ncdth-family-member-history.html"/><title value="NCD Thailand FamilyMemberHistory Profile"/><generation value="generated"/></page><page><nameUrl value="StructureDefinition-ncdth-media.html"/><title value="NCD Thailand Media Profile"/><generation value="generated"/></page><page><nameUrl value="StructureDefinition-ncdth-observation.html"/><title value="NCD Thailand Observation Profile"/><generation value="generated"/></page><page><nameUrl value="StructureDefinition-ncdth-organization.html"/><title value="NCD Thailand Organization Profile"/><generation value="generated"/></page><page><nameUrl value="StructureDefinition-ncdth-patient.html"/><title value="NCD Thailand Patient Profile"/><generation value="generated"/></page><page><nameUrl value="ValueSet-th-gov-coverage-type-vs.html"/><title value="Thai Government Coverage Type Value Set"/><generation value="generated"/></page><page><nameUrl value="CodeSystem-th-gov-coverage-type-cs.html"/><title value="Thai Government Coverage Type Code System"/><generation value="generated"/></page><page><nameUrl value="Patient-PatientExample.html"/><title value="NCD Thaland Patient Example"/><generation value="generated"/></page></page></page><parameter><code value="path-resource"/><value value="input/capabilities"/></parameter><parameter><code value="path-resource"/><value value="input/examples"/></parameter><parameter><code value="path-resource"/><value value="input/extensions"/></parameter><parameter><code value="path-resource"/><value value="input/models"/></parameter><parameter><code value="path-resource"/><value value="input/operations"/></parameter><parameter><code value="path-resource"/><value value="input/profiles"/></parameter><parameter><code value="path-resource"/><value value="input/resources"/></parameter><parameter><code value="path-resource"/><value value="input/vocabulary"/></parameter><parameter><code value="path-resource"/><value value="input/maps"/></parameter><parameter><code value="path-resource"/><value value="input/testing"/></parameter><parameter><code value="path-resource"/><value value="input/history"/></parameter><parameter><code value="path-resource"/><value value="fsh-generated/resources"/></parameter><parameter><code value="path-pages"/><value value="template/config"/></parameter><parameter><code value="path-pages"/><value value="input/images"/></parameter><parameter><code value="path-tx-cache"/><value value="input-cache/txcache"/></parameter></definition></ImplementationGuide>