<?xml version="1.0" encoding="UTF-8"?>

<EpisodeOfCare xmlns="http://hl7.org/fhir">
  <id value="EpisodeOfCareExample"/>
  <meta>
    <profile value="https://rathpanyowat.github.io/ncd-th-ig-demo/StructureDefinition/ncdth-episode-of-care"/>
  </meta>
  <text>
    <status value="generated"/><div xmlns="http://www.w3.org/1999/xhtml"><p><b>Generated Narrative</b></p><div style="display: inline-block; background-color: #d9e0e7; padding: 6px; margin: 4px; border: 1px solid #8da1b4; border-radius: 5px; line-height: 60%"><p style="margin-bottom: 0px">Resource "EpisodeOfCareExample" </p><p style="margin-bottom: 0px">Profile: <a href="StructureDefinition-ncdth-episode-of-care.html">NCD TH EpisodeOfCare Profile</a></p></div><p><b>identifier</b>: id: 1234</p><p><b>status</b>: active</p><p><b>type</b>: Home and Community Care <span style="background: LightGoldenRodYellow; margin: 4px; border: 1px solid khaki"> (<a href="http://terminology.hl7.org/3.0.0/CodeSystem-episodeofcare-type.html">Episode of care type</a>#hacc)</span></p><blockquote><p><b>diagnosis</b></p><p><b>condition</b>: <a href="Condition-ConditionExample1.html">Condition/ConditionExample1</a></p></blockquote><blockquote><p><b>diagnosis</b></p><p><b>condition</b>: <a href="Condition-ConditionExample2.html">Condition/ConditionExample2</a></p></blockquote><p><b>patient</b>: <a href="Patient-PatientExample.html">Patient/PatientExample</a> " ใจดี"</p><p><b>managingOrganization</b>: <a href="Organization-OrganizationExample.html">Organization/OrganizationExample</a> "โรงพยาบาล NCD"</p><p><b>period</b>: 2022-02-02 --&gt; (ongoing)</p><p><b>careManager</b>: <a href="Practitioner">Practitioner</a> "Practitioner"</p><p><b>team</b>: <a href="CareTeam">CareTeam</a> "CareTeam"</p></div>
  </text>
  <identifier>
    <system value="http://examplehospital.com/episode"/>
    <value value="1234"/>
  </identifier>
  <status value="active"/>
  <type>
    <coding>
      <system value="http://terminology.hl7.org/CodeSystem/episodeofcare-type"/>
      <code value="hacc"/>
      <display value="Home and Community Care"/>
    </coding>
  </type>
  <diagnosis>
    <condition>
      <reference value="Condition/ConditionExample1"/>
    </condition>
  </diagnosis>
  <diagnosis>
    <condition>
      <reference value="Condition/ConditionExample2"/>
    </condition>
  </diagnosis>
  <patient>
    <reference value="Patient/PatientExample"/>
  </patient>
  <managingOrganization>
    <reference value="Organization/OrganizationExample"/>
  </managingOrganization>
  <period>
    <start value="2022-02-02"/>
  </period>
  <careManager>
    <reference value="Practitioner"/>
  </careManager>
  <team>
    <reference value="CareTeam"/>
  </team>
</EpisodeOfCare>