<?xml version="1.0" encoding="UTF-8"?>

<FamilyMemberHistory xmlns="http://hl7.org/fhir">
  <id value="FamilyMemberHistoryExample"/>
  <meta>
    <profile value="https://rathpanyowat.github.io/ncd-th-ig-demo/StructureDefinition/ncdth-family-member-history"/>
  </meta>
  <text>
    <status value="generated"/><div xmlns="http://www.w3.org/1999/xhtml"><p><b>Generated Narrative</b></p><div style="display: inline-block; background-color: #d9e0e7; padding: 6px; margin: 4px; border: 1px solid #8da1b4; border-radius: 5px; line-height: 60%"><p style="margin-bottom: 0px">Resource "FamilyMemberHistoryExample" </p><p style="margin-bottom: 0px">Profile: <a href="StructureDefinition-ncdth-family-member-history.html">NCD TH FamilyMemberHistory Profile</a></p></div><p><b>status</b>: completed</p><p><b>patient</b>: <a href="Patient-PatientExample.html">Patient/PatientExample</a> " ใจดี"</p><p><b>name</b>: นางสมหมาย ใจดี</p><p><b>relationship</b>: mother <span style="background: LightGoldenRodYellow; margin: 4px; border: 1px solid khaki"> (<a href="http://terminology.hl7.org/3.0.0/CodeSystem-v3-RoleCode.html">RoleCode</a>#MTH)</span></p><p><b>born</b>: 1934-05-06</p><p><b>age</b>: 88 years<span style="background: LightGoldenRodYellow"> (Details: UCUM code a = 'a')</span></p><p><b>deceased</b>: true</p><p><b>reasonCode</b>: Malignant neoplasm of colon <span style="background: LightGoldenRodYellow; margin: 4px; border: 1px solid khaki"> (<a href="https://browser.ihtsdotools.org/">SNOMED CT</a>#363406005)</span></p></div>
  </text>
  <status value="completed"/>
  <patient>
    <reference value="Patient/PatientExample"/>
  </patient>
  <name value="นางสมหมาย ใจดี"/>
  <relationship>
    <coding>
      <system value="http://terminology.hl7.org/CodeSystem/v3-RoleCode"/>
      <code value="MTH"/>
      <display value="mother"/>
    </coding>
  </relationship>
  <bornDate value="1934-05-06"/>
  <ageAge>
    <value value="88"/>
    <unit value="years"/>
    <system value="http://unitsofmeasure.org"/>
    <code value="a"/>
  </ageAge>
  <deceasedBoolean value="true"/>
  <reasonCode>
    <coding>
      <system value="http://snomed.info/sct"/>
      <code value="363406005"/>
      <display value="Malignant neoplasm of colon"/>
    </coding>
  </reasonCode>
</FamilyMemberHistory>