<?xml version="1.0" encoding="UTF-8"?>

<ImplementationGuide xmlns="http://hl7.org/fhir">
  <id value="ncd-th-ig"/>
  <text>
    <status value="extensions"/><div xmlns="http://www.w3.org/1999/xhtml"><h2>ThaiNCDIG</h2><p>The official URL for this implementation guide is: </p><pre>https://rathpanyowat.github.io/ncd-th-ig-demo/ImplementationGuide/ncd-th-ig</pre><div><p>Implementation Guide สำหรับการแลกเปลี่ยนข้อมูลผู้ป่วย NCD</p>
</div></div>
  </text>
  <url value="https://rathpanyowat.github.io/ncd-th-ig-demo/ImplementationGuide/ncd-th-ig"/>
  <version value="0.1.0"/>
  <name value="ThaiNCDIG"/>
  <title value="Thai NCD Implementation Guide"/>
  <status value="draft"/>
  <date value="2022-02-22T23:30:09+07:00"/>
  <publisher value="Standard and Interoperability Lab Thailand"/>
  <contact>
    <name value="Standard and Interoperability Lab Thailand"/>
    <telecom>
      <system value="url"/>
      <value value="https://sil-th.github.io/"/>
    </telecom>
  </contact>
  <description value="Implementation Guide สำหรับการแลกเปลี่ยนข้อมูลผู้ป่วย NCD"/>
  <jurisdiction>
    <coding>
      <system value="urn:iso:std:iso:3166"/>
      <code value="TH"/>
      <display value="Thailand"/>
    </coding>
  </jurisdiction>
  <packageId value="ncd-th-ig"/>
  <license value="CC0-1.0"/>
  <fhirVersion value="4.0.1"/>
  <definition>
    <extension url="http://hl7.org/fhir/tools/StructureDefinition/ig-parameter">
      <extension url="code">
        <valueString value="copyrightyear"/>
      </extension>
      <extension url="value">
        <valueString value="2022+"/>
      </extension>
    </extension>
    <extension url="http://hl7.org/fhir/tools/StructureDefinition/ig-parameter">
      <extension url="code">
        <valueString value="releaselabel"/>
      </extension>
      <extension url="value">
        <valueString value="ci-build"/>
      </extension>
    </extension>
    <extension url="http://hl7.org/fhir/tools/StructureDefinition/ig-parameter">
      <extension url="code">
        <valueString value="show-inherited-invariants"/>
      </extension>
      <extension url="value">
        <valueString value="false"/>
      </extension>
    </extension>
    <extension url="http://hl7.org/fhir/tools/StructureDefinition/ig-parameter">
      <extension url="code">
        <valueString value="excludettl"/>
      </extension>
      <extension url="value">
        <valueString value="true"/>
      </extension>
    </extension>
    <extension url="http://hl7.org/fhir/tools/StructureDefinition/ig-parameter">
      <extension url="code">
        <valueString value="autoload-resources"/>
      </extension>
      <extension url="value">
        <valueString value="true"/>
      </extension>
    </extension>
    <extension url="http://hl7.org/fhir/tools/StructureDefinition/ig-parameter">
      <extension url="code">
        <valueString value="path-liquid"/>
      </extension>
      <extension url="value">
        <valueString value="template/liquid"/>
      </extension>
    </extension>
    <extension url="http://hl7.org/fhir/tools/StructureDefinition/ig-parameter">
      <extension url="code">
        <valueString value="path-liquid"/>
      </extension>
      <extension url="value">
        <valueString value="input/liquid"/>
      </extension>
    </extension>
    <extension url="http://hl7.org/fhir/tools/StructureDefinition/ig-parameter">
      <extension url="code">
        <valueString value="path-qa"/>
      </extension>
      <extension url="value">
        <valueString value="temp/qa"/>
      </extension>
    </extension>
    <extension url="http://hl7.org/fhir/tools/StructureDefinition/ig-parameter">
      <extension url="code">
        <valueString value="path-temp"/>
      </extension>
      <extension url="value">
        <valueString value="temp/pages"/>
      </extension>
    </extension>
    <extension url="http://hl7.org/fhir/tools/StructureDefinition/ig-parameter">
      <extension url="code">
        <valueString value="path-output"/>
      </extension>
      <extension url="value">
        <valueString value="output"/>
      </extension>
    </extension>
    <extension url="http://hl7.org/fhir/tools/StructureDefinition/ig-parameter">
      <extension url="code">
        <valueString value="path-suppressed-warnings"/>
      </extension>
      <extension url="value">
        <valueString value="input/ignoreWarnings.txt"/>
      </extension>
    </extension>
    <extension url="http://hl7.org/fhir/tools/StructureDefinition/ig-parameter">
      <extension url="code">
        <valueString value="path-history"/>
      </extension>
      <extension url="value">
        <valueString value="https://rathpanyowat.github.io/ncd-th-ig-demo/history.html"/>
      </extension>
    </extension>
    <extension url="http://hl7.org/fhir/tools/StructureDefinition/ig-parameter">
      <extension url="code">
        <valueString value="template-html"/>
      </extension>
      <extension url="value">
        <valueString value="template-page.html"/>
      </extension>
    </extension>
    <extension url="http://hl7.org/fhir/tools/StructureDefinition/ig-parameter">
      <extension url="code">
        <valueString value="template-md"/>
      </extension>
      <extension url="value">
        <valueString value="template-page-md.html"/>
      </extension>
    </extension>
    <extension url="http://hl7.org/fhir/tools/StructureDefinition/ig-parameter">
      <extension url="code">
        <valueString value="apply-contact"/>
      </extension>
      <extension url="value">
        <valueString value="true"/>
      </extension>
    </extension>
    <extension url="http://hl7.org/fhir/tools/StructureDefinition/ig-parameter">
      <extension url="code">
        <valueString value="apply-context"/>
      </extension>
      <extension url="value">
        <valueString value="true"/>
      </extension>
    </extension>
    <extension url="http://hl7.org/fhir/tools/StructureDefinition/ig-parameter">
      <extension url="code">
        <valueString value="apply-copyright"/>
      </extension>
      <extension url="value">
        <valueString value="true"/>
      </extension>
    </extension>
    <extension url="http://hl7.org/fhir/tools/StructureDefinition/ig-parameter">
      <extension url="code">
        <valueString value="apply-jurisdiction"/>
      </extension>
      <extension url="value">
        <valueString value="true"/>
      </extension>
    </extension>
    <extension url="http://hl7.org/fhir/tools/StructureDefinition/ig-parameter">
      <extension url="code">
        <valueString value="apply-license"/>
      </extension>
      <extension url="value">
        <valueString value="true"/>
      </extension>
    </extension>
    <extension url="http://hl7.org/fhir/tools/StructureDefinition/ig-parameter">
      <extension url="code">
        <valueString value="apply-publisher"/>
      </extension>
      <extension url="value">
        <valueString value="true"/>
      </extension>
    </extension>
    <extension url="http://hl7.org/fhir/tools/StructureDefinition/ig-parameter">
      <extension url="code">
        <valueString value="apply-version"/>
      </extension>
      <extension url="value">
        <valueString value="true"/>
      </extension>
    </extension>
    <extension url="http://hl7.org/fhir/tools/StructureDefinition/ig-parameter">
      <extension url="code">
        <valueString value="active-tables"/>
      </extension>
      <extension url="value">
        <valueString value="true"/>
      </extension>
    </extension>
    <extension url="http://hl7.org/fhir/tools/StructureDefinition/ig-parameter">
      <extension url="code">
        <valueString value="fmm-definition"/>
      </extension>
      <extension url="value">
        <valueString value="http://hl7.org/fhir/versions.html#maturity"/>
      </extension>
    </extension>
    <extension url="http://hl7.org/fhir/tools/StructureDefinition/ig-parameter">
      <extension url="code">
        <valueString value="propagate-status"/>
      </extension>
      <extension url="value">
        <valueString value="true"/>
      </extension>
    </extension>
    <resource>
      <extension url="http://hl7.org/fhir/tools/StructureDefinition/resource-information">
        <valueString value="StructureDefinition:resource"/>
      </extension>
      <reference>
        <reference value="StructureDefinition/ncdth-allergy-intolerance"/>
      </reference>
      <name value="NCD TH AllergyIntolerance Profile"/>
      <description value="Profile สำหรับ AllergyIntolerance resource"/>
      <exampleBoolean value="false"/>
    </resource>
    <resource>
      <extension url="http://hl7.org/fhir/tools/StructureDefinition/resource-information">
        <valueString value="StructureDefinition:resource"/>
      </extension>
      <reference>
        <reference value="StructureDefinition/ncdth-condition"/>
      </reference>
      <name value="NCD TH Condition Profile"/>
      <description value="Profile สำหรับ Condition resource"/>
      <exampleBoolean value="false"/>
    </resource>
    <resource>
      <extension url="http://hl7.org/fhir/tools/StructureDefinition/resource-information">
        <valueString value="StructureDefinition:resource"/>
      </extension>
      <reference>
        <reference value="StructureDefinition/ncdth-coverage"/>
      </reference>
      <name value="NCD TH Coverage Profile"/>
      <description value="Profile สำหรับ Coverage resource"/>
      <exampleBoolean value="false"/>
    </resource>
    <resource>
      <extension url="http://hl7.org/fhir/tools/StructureDefinition/resource-information">
        <valueString value="StructureDefinition:resource"/>
      </extension>
      <reference>
        <reference value="StructureDefinition/ncdth-diagnostic-report-lab"/>
      </reference>
      <name value="NCD TH DiagnosticReport Profile for Lab Report"/>
      <description value="Profile สำหรับ DiagnosticReport resource"/>
      <exampleBoolean value="false"/>
    </resource>
    <resource>
      <extension url="http://hl7.org/fhir/tools/StructureDefinition/resource-information">
        <valueString value="StructureDefinition:resource"/>
      </extension>
      <reference>
        <reference value="StructureDefinition/ncdth-encounter"/>
      </reference>
      <name value="NCD TH Encounter Profile"/>
      <description value="Profile สำหรับ Encounter resource"/>
      <exampleBoolean value="false"/>
    </resource>
    <resource>
      <extension url="http://hl7.org/fhir/tools/StructureDefinition/resource-information">
        <valueString value="StructureDefinition:resource"/>
      </extension>
      <reference>
        <reference value="StructureDefinition/ncdth-episode-of-care"/>
      </reference>
      <name value="NCD TH EpisodeOfCare Profile"/>
      <description value="Profile สำหรับ EpisodeOfCare resource"/>
      <exampleBoolean value="false"/>
    </resource>
    <resource>
      <extension url="http://hl7.org/fhir/tools/StructureDefinition/resource-information">
        <valueString value="StructureDefinition:resource"/>
      </extension>
      <reference>
        <reference value="StructureDefinition/ncdth-family-member-history"/>
      </reference>
      <name value="NCD TH FamilyMemberHistory Profile"/>
      <description value="Profile สำหรับ FamilyMemberHistory resource"/>
      <exampleBoolean value="false"/>
    </resource>
    <resource>
      <extension url="http://hl7.org/fhir/tools/StructureDefinition/resource-information">
        <valueString value="StructureDefinition:resource"/>
      </extension>
      <reference>
        <reference value="StructureDefinition/ncdth-media"/>
      </reference>
      <name value="NCD TH Media Profile"/>
      <description value="Profile สำหรับ Media resource"/>
      <exampleBoolean value="false"/>
    </resource>
    <resource>
      <extension url="http://hl7.org/fhir/tools/StructureDefinition/resource-information">
        <valueString value="StructureDefinition:resource"/>
      </extension>
      <reference>
        <reference value="StructureDefinition/ncdth-observation-lab"/>
      </reference>
      <name value="NCD TH Observation Profile - Lab"/>
      <description value="Profile สำหรับ Observation resource - Lab"/>
      <exampleBoolean value="false"/>
    </resource>
    <resource>
      <extension url="http://hl7.org/fhir/tools/StructureDefinition/resource-information">
        <valueString value="StructureDefinition:resource"/>
      </extension>
      <reference>
        <reference value="StructureDefinition/ncdth-observation-pe-survey"/>
      </reference>
      <name value="NCD TH Observation Profile - PE &amp; Survey"/>
      <description value="Profile สำหรับ Observation resource - PE &amp; Survey"/>
      <exampleBoolean value="false"/>
    </resource>
    <resource>
      <extension url="http://hl7.org/fhir/tools/StructureDefinition/resource-information">
        <valueString value="StructureDefinition:resource"/>
      </extension>
      <reference>
        <reference value="StructureDefinition/ncdth-observation-social"/>
      </reference>
      <name value="NCD TH Observation Profile - Social History"/>
      <description value="Profile สำหรับ Observation resource - Social History"/>
      <exampleBoolean value="false"/>
    </resource>
    <resource>
      <extension url="http://hl7.org/fhir/tools/StructureDefinition/resource-information">
        <valueString value="StructureDefinition:resource"/>
      </extension>
      <reference>
        <reference value="StructureDefinition/ncdth-observation-vital"/>
      </reference>
      <name value="NCD TH Observation Profile - Vital Signs"/>
      <description value="Profile สำหรับ Observation resource - Vital Signs"/>
      <exampleBoolean value="false"/>
    </resource>
    <resource>
      <extension url="http://hl7.org/fhir/tools/StructureDefinition/resource-information">
        <valueString value="StructureDefinition:resource"/>
      </extension>
      <reference>
        <reference value="StructureDefinition/ncdth-organization"/>
      </reference>
      <name value="NCD TH Organization Profile"/>
      <description value="Profile สำหรับ Organization resource"/>
      <exampleBoolean value="false"/>
    </resource>
    <resource>
      <extension url="http://hl7.org/fhir/tools/StructureDefinition/resource-information">
        <valueString value="StructureDefinition:resource"/>
      </extension>
      <reference>
        <reference value="StructureDefinition/ncdth-patient"/>
      </reference>
      <name value="NCD TH Patient Profile"/>
      <description value="Profile สำหรับ Patient resource"/>
      <exampleBoolean value="false"/>
    </resource>
    <resource>
      <extension url="http://hl7.org/fhir/tools/StructureDefinition/resource-information">
        <valueString value="ValueSet"/>
      </extension>
      <reference>
        <reference value="ValueSet/ncdth-lab-vs"/>
      </reference>
      <name value="NCD TH Laboratory Value Set"/>
      <description value="รหัสมาตรฐานการตรวจทางห้องปฏิบัติการที่ใช้ใน NCD IG"/>
      <exampleBoolean value="false"/>
    </resource>
    <resource>
      <extension url="http://hl7.org/fhir/tools/StructureDefinition/resource-information">
        <valueString value="ValueSet"/>
      </extension>
      <reference>
        <reference value="ValueSet/ncdth-vital-vs"/>
      </reference>
      <name value="NCD TH Vital Signs Value Set"/>
      <description value="รหัสจากระบบ LOINC ในการบันทึกชนิดการตรวจ vital signs"/>
      <exampleBoolean value="false"/>
    </resource>
    <resource>
      <extension url="http://hl7.org/fhir/tools/StructureDefinition/resource-information">
        <valueString value="ValueSet"/>
      </extension>
      <reference>
        <reference value="ValueSet/th-gov-coverage-type-vs"/>
      </reference>
      <name value="Thai Government Coverage Type Value Set"/>
      <description value="รหัสประเภทสิทธิ์การรักษาพยาบาลภาครัฐของไทย รวมกับรหัสที่ HL7 กำหนด"/>
      <exampleBoolean value="false"/>
    </resource>
    <resource>
      <extension url="http://hl7.org/fhir/tools/StructureDefinition/resource-information">
        <valueString value="CodeSystem"/>
      </extension>
      <reference>
        <reference value="CodeSystem/th-gov-coverage-type-cs"/>
      </reference>
      <name value="Thai Government Coverage Type Code System"/>
      <description value="รหัสประเภทสิทธิ์การรักษาพยาบาลภาครัฐของไทย"/>
      <exampleBoolean value="false"/>
    </resource>
    <resource>
      <extension url="http://hl7.org/fhir/tools/StructureDefinition/resource-information">
        <valueString value="AllergyIntolerance"/>
      </extension>
      <reference>
        <reference value="AllergyIntolerance/AllergyIntoleranceExample"/>
      </reference>
      <name value="NCD TH AllergyIntolerance Example"/>
      <description value="ตัวอย่าง resource instance ที่สร้างตาม AllergyIntolerance Profile"/>
      <exampleCanonical value="https://rathpanyowat.github.io/ncd-th-ig-demo/StructureDefinition/ncdth-allergy-intolerance"/>
    </resource>
    <resource>
      <extension url="http://hl7.org/fhir/tools/StructureDefinition/resource-information">
        <valueString value="Condition"/>
      </extension>
      <reference>
        <reference value="Condition/ConditionExample1"/>
      </reference>
      <name value="NCD TH Condition Example 1 - Hypertension"/>
      <description value="ตัวอย่าง resource instance ที่สร้างตาม Condition Profile"/>
      <exampleCanonical value="https://rathpanyowat.github.io/ncd-th-ig-demo/StructureDefinition/ncdth-condition"/>
    </resource>
    <resource>
      <extension url="http://hl7.org/fhir/tools/StructureDefinition/resource-information">
        <valueString value="Condition"/>
      </extension>
      <reference>
        <reference value="Condition/ConditionExample2"/>
      </reference>
      <name value="NCD TH Condition Example 2 - Diabetes Mellitus"/>
      <description value="ตัวอย่าง resource instance ที่สร้างตาม Condition Profile"/>
      <exampleCanonical value="https://rathpanyowat.github.io/ncd-th-ig-demo/StructureDefinition/ncdth-condition"/>
    </resource>
    <resource>
      <extension url="http://hl7.org/fhir/tools/StructureDefinition/resource-information">
        <valueString value="Coverage"/>
      </extension>
      <reference>
        <reference value="Coverage/CoverageExample"/>
      </reference>
      <name value="NCD TH Coverage Example"/>
      <description value="ตัวอย่าง resource instance ที่สร้างตาม Coverage Profile"/>
      <exampleCanonical value="https://rathpanyowat.github.io/ncd-th-ig-demo/StructureDefinition/ncdth-coverage"/>
    </resource>
    <resource>
      <extension url="http://hl7.org/fhir/tools/StructureDefinition/resource-information">
        <valueString value="DiagnosticReport"/>
      </extension>
      <reference>
        <reference value="DiagnosticReport/DiagnosticReportLabExample1"/>
      </reference>
      <name value="NCD TH DiagnosticReport for Lab Report Example - Lipid Profile"/>
      <description value="ตัวอย่าง resource instance ที่สร้างตาม DiagnosticReport Profile เป็นข้อมูลรายงานผล Lipid Profile"/>
      <exampleCanonical value="https://rathpanyowat.github.io/ncd-th-ig-demo/StructureDefinition/ncdth-diagnostic-report-lab"/>
    </resource>
    <resource>
      <extension url="http://hl7.org/fhir/tools/StructureDefinition/resource-information">
        <valueString value="DiagnosticReport"/>
      </extension>
      <reference>
        <reference value="DiagnosticReport/DiagnosticReportLabExample2"/>
      </reference>
      <name value="NCD TH DiagnosticReport for Lab Report Example - Metabolic Profile"/>
      <description value="ตัวอย่าง resource instance ที่สร้างตาม DiagnosticReport Profile เป็นข้อมูลรายงานผล Metabolic Profile"/>
      <exampleCanonical value="https://rathpanyowat.github.io/ncd-th-ig-demo/StructureDefinition/ncdth-diagnostic-report-lab"/>
    </resource>
    <resource>
      <extension url="http://hl7.org/fhir/tools/StructureDefinition/resource-information">
        <valueString value="Encounter"/>
      </extension>
      <reference>
        <reference value="Encounter/EncounterExample"/>
      </reference>
      <name value="NCD TH Encounter Example"/>
      <description value="ตัวอย่าง resource instance ที่สร้างตาม Encounter Profile"/>
      <exampleCanonical value="https://rathpanyowat.github.io/ncd-th-ig-demo/StructureDefinition/ncdth-encounter"/>
    </resource>
    <resource>
      <extension url="http://hl7.org/fhir/tools/StructureDefinition/resource-information">
        <valueString value="EpisodeOfCare"/>
      </extension>
      <reference>
        <reference value="EpisodeOfCare/EpisodeOfCareExample"/>
      </reference>
      <name value="NCD TH EpisodeOfCare Example"/>
      <description value="ตัวอย่าง resource instance ที่สร้างตาม EpisodeOfCare Profile"/>
      <exampleCanonical value="https://rathpanyowat.github.io/ncd-th-ig-demo/StructureDefinition/ncdth-episode-of-care"/>
    </resource>
    <resource>
      <extension url="http://hl7.org/fhir/tools/StructureDefinition/resource-information">
        <valueString value="FamilyMemberHistory"/>
      </extension>
      <reference>
        <reference value="FamilyMemberHistory/FamilyMemberHistoryExample"/>
      </reference>
      <name value="NCD TH FamilyMemberHistory Example"/>
      <description value="ตัวอย่าง resource instance ที่สร้างตาม FamilyMemberHistory Profile"/>
      <exampleCanonical value="https://rathpanyowat.github.io/ncd-th-ig-demo/StructureDefinition/ncdth-family-member-history"/>
    </resource>
    <resource>
      <extension url="http://hl7.org/fhir/tools/StructureDefinition/resource-information">
        <valueString value="Media"/>
      </extension>
      <reference>
        <reference value="Media/MediaExample"/>
      </reference>
      <name value="NCD TH Media Example"/>
      <description value="ตัวอย่าง resource instance ที่สร้างตาม Media Profile"/>
      <exampleCanonical value="https://rathpanyowat.github.io/ncd-th-ig-demo/StructureDefinition/ncdth-media"/>
    </resource>
    <resource>
      <extension url="http://hl7.org/fhir/tools/StructureDefinition/resource-information">
        <valueString value="Observation"/>
      </extension>
      <reference>
        <reference value="Observation/ObservationExample2Q"/>
      </reference>
      <name value="NCD TH Observation - คัดกรองซึมเศร้า 2Q"/>
      <description value="ตัวอย่าง resource instance ที่สร้างตาม Observation Profile - PE &amp; Survey"/>
      <exampleCanonical value="https://rathpanyowat.github.io/ncd-th-ig-demo/StructureDefinition/ncdth-observation-pe-survey"/>
    </resource>
    <resource>
      <extension url="http://hl7.org/fhir/tools/StructureDefinition/resource-information">
        <valueString value="Observation"/>
      </extension>
      <reference>
        <reference value="Observation/ObservationExampleAF"/>
      </reference>
      <name value="NCD TH Observation - AF"/>
      <description value="ตัวอย่าง resource instance ที่สร้างตาม Observation Profile - PE &amp; Survey"/>
      <exampleCanonical value="https://rathpanyowat.github.io/ncd-th-ig-demo/StructureDefinition/ncdth-observation-pe-survey"/>
    </resource>
    <resource>
      <extension url="http://hl7.org/fhir/tools/StructureDefinition/resource-information">
        <valueString value="Observation"/>
      </extension>
      <reference>
        <reference value="Observation/ObservationExampleAge"/>
      </reference>
      <name value="NCD TH Observation - Age"/>
      <description value="ตัวอย่าง resource instance ที่สร้างตาม Observation Profile - Vital Signs"/>
      <exampleCanonical value="https://rathpanyowat.github.io/ncd-th-ig-demo/StructureDefinition/ncdth-observation-vital"/>
    </resource>
    <resource>
      <extension url="http://hl7.org/fhir/tools/StructureDefinition/resource-information">
        <valueString value="Observation"/>
      </extension>
      <reference>
        <reference value="Observation/ObservationExampleAlcohol"/>
      </reference>
      <name value="NCD TH Observation - Alcohol"/>
      <description value="ตัวอย่าง resource instance ที่สร้างตาม Observation Profile - Social"/>
      <exampleCanonical value="https://rathpanyowat.github.io/ncd-th-ig-demo/StructureDefinition/ncdth-observation-social"/>
    </resource>
    <resource>
      <extension url="http://hl7.org/fhir/tools/StructureDefinition/resource-information">
        <valueString value="Observation"/>
      </extension>
      <reference>
        <reference value="Observation/ObservationExampleBH"/>
      </reference>
      <name value="NCD TH Observation - Body Height"/>
      <description value="ตัวอย่าง resource instance ที่สร้างตาม Observation Profile - Vital Signs"/>
      <exampleCanonical value="https://rathpanyowat.github.io/ncd-th-ig-demo/StructureDefinition/ncdth-observation-vital"/>
    </resource>
    <resource>
      <extension url="http://hl7.org/fhir/tools/StructureDefinition/resource-information">
        <valueString value="Observation"/>
      </extension>
      <reference>
        <reference value="Observation/ObservationExampleBMI"/>
      </reference>
      <name value="NCD TH Observation - BMI"/>
      <description value="ตัวอย่าง resource instance ที่สร้างตาม Observation Profile - Vital Signs"/>
      <exampleCanonical value="https://rathpanyowat.github.io/ncd-th-ig-demo/StructureDefinition/ncdth-observation-vital"/>
    </resource>
    <resource>
      <extension url="http://hl7.org/fhir/tools/StructureDefinition/resource-information">
        <valueString value="Observation"/>
      </extension>
      <reference>
        <reference value="Observation/ObservationExampleBP"/>
      </reference>
      <name value="NCD TH Observation - Blood Pressure (BP)"/>
      <description value="ตัวอย่าง resource instance ที่สร้างตาม Observation Profile - Vital Signs"/>
      <exampleCanonical value="https://rathpanyowat.github.io/ncd-th-ig-demo/StructureDefinition/ncdth-observation-vital"/>
    </resource>
    <resource>
      <extension url="http://hl7.org/fhir/tools/StructureDefinition/resource-information">
        <valueString value="Observation"/>
      </extension>
      <reference>
        <reference value="Observation/ObservationExampleBUN"/>
      </reference>
      <name value="NCD TH Observation - BUN"/>
      <description value="ตัวอย่าง resource instance ที่สร้างตาม Observation Profile - Laboratory"/>
      <exampleCanonical value="https://rathpanyowat.github.io/ncd-th-ig-demo/StructureDefinition/ncdth-observation-lab"/>
    </resource>
    <resource>
      <extension url="http://hl7.org/fhir/tools/StructureDefinition/resource-information">
        <valueString value="Observation"/>
      </extension>
      <reference>
        <reference value="Observation/ObservationExampleBW"/>
      </reference>
      <name value="NCD TH Observation - Body Weight"/>
      <description value="ตัวอย่าง resource instance ที่สร้างตาม Observation Profile - Vital Signs"/>
      <exampleCanonical value="https://rathpanyowat.github.io/ncd-th-ig-demo/StructureDefinition/ncdth-observation-vital"/>
    </resource>
    <resource>
      <extension url="http://hl7.org/fhir/tools/StructureDefinition/resource-information">
        <valueString value="Observation"/>
      </extension>
      <reference>
        <reference value="Observation/ObservationExampleCVD"/>
      </reference>
      <name value="NCD TH Observation - CVD Risk"/>
      <description value="ตัวอย่าง resource instance ที่สร้างตาม Observation Profile - PE &amp; Survey"/>
      <exampleCanonical value="https://rathpanyowat.github.io/ncd-th-ig-demo/StructureDefinition/ncdth-observation-pe-survey"/>
    </resource>
    <resource>
      <extension url="http://hl7.org/fhir/tools/StructureDefinition/resource-information">
        <valueString value="Observation"/>
      </extension>
      <reference>
        <reference value="Observation/ObservationExampleChol"/>
      </reference>
      <name value="NCD TH Observation - Chol"/>
      <description value="ตัวอย่าง resource instance ที่สร้างตาม Observation Profile - Laboratory"/>
      <exampleCanonical value="https://rathpanyowat.github.io/ncd-th-ig-demo/StructureDefinition/ncdth-observation-lab"/>
    </resource>
    <resource>
      <extension url="http://hl7.org/fhir/tools/StructureDefinition/resource-information">
        <valueString value="Observation"/>
      </extension>
      <reference>
        <reference value="Observation/ObservationExampleCr"/>
      </reference>
      <name value="NCD TH Observation - Creatinine"/>
      <description value="ตัวอย่าง resource instance ที่สร้างตาม Observation Profile - Laboratory"/>
      <exampleCanonical value="https://rathpanyowat.github.io/ncd-th-ig-demo/StructureDefinition/ncdth-observation-lab"/>
    </resource>
    <resource>
      <extension url="http://hl7.org/fhir/tools/StructureDefinition/resource-information">
        <valueString value="Observation"/>
      </extension>
      <reference>
        <reference value="Observation/ObservationExampleDFScreening"/>
      </reference>
      <name value="NCD TH Observation - Diabetic Foot Screening"/>
      <description value="ตัวอย่าง resource instance ที่สร้างตาม Observation Profile - PE &amp; Survey"/>
      <exampleCanonical value="https://rathpanyowat.github.io/ncd-th-ig-demo/StructureDefinition/ncdth-observation-pe-survey"/>
    </resource>
    <resource>
      <extension url="http://hl7.org/fhir/tools/StructureDefinition/resource-information">
        <valueString value="Observation"/>
      </extension>
      <reference>
        <reference value="Observation/ObservationExampleDNScreening"/>
      </reference>
      <name value="NCD TH Observation - Diabetic Nephropathy Screening"/>
      <description value="ตัวอย่าง resource instance ที่สร้างตาม Observation Profile - PE &amp; Survey"/>
      <exampleCanonical value="https://rathpanyowat.github.io/ncd-th-ig-demo/StructureDefinition/ncdth-observation-pe-survey"/>
    </resource>
    <resource>
      <extension url="http://hl7.org/fhir/tools/StructureDefinition/resource-information">
        <valueString value="Observation"/>
      </extension>
      <reference>
        <reference value="Observation/ObservationExampleDRScreening"/>
      </reference>
      <name value="NCD TH Observation - Diabetic Retinopathy Screening"/>
      <description value="ตัวอย่าง resource instance ที่สร้างตาม Observation Profile - PE &amp; Survey"/>
      <exampleCanonical value="https://rathpanyowat.github.io/ncd-th-ig-demo/StructureDefinition/ncdth-observation-pe-survey"/>
    </resource>
    <resource>
      <extension url="http://hl7.org/fhir/tools/StructureDefinition/resource-information">
        <valueString value="Observation"/>
      </extension>
      <reference>
        <reference value="Observation/ObservationExampleDiet"/>
      </reference>
      <name value="NCD TH Observation - Diet"/>
      <description value="ตัวอย่าง resource instance ที่สร้างตาม Observation Profile - Social"/>
      <exampleCanonical value="https://rathpanyowat.github.io/ncd-th-ig-demo/StructureDefinition/ncdth-observation-social"/>
    </resource>
    <resource>
      <extension url="http://hl7.org/fhir/tools/StructureDefinition/resource-information">
        <valueString value="Observation"/>
      </extension>
      <reference>
        <reference value="Observation/ObservationExampleFBS"/>
      </reference>
      <name value="NCD TH Observation - Fasting Blood Sugar (FBS)"/>
      <description value="ตัวอย่าง resource instance ที่สร้างตาม Observation Profile - Laboratory"/>
      <exampleCanonical value="https://rathpanyowat.github.io/ncd-th-ig-demo/StructureDefinition/ncdth-observation-lab"/>
    </resource>
    <resource>
      <extension url="http://hl7.org/fhir/tools/StructureDefinition/resource-information">
        <valueString value="Observation"/>
      </extension>
      <reference>
        <reference value="Observation/ObservationExampleHDL"/>
      </reference>
      <name value="NCD TH Observation - HDL"/>
      <description value="ตัวอย่าง resource instance ที่สร้างตาม Observation Profile - Laboratory"/>
      <exampleCanonical value="https://rathpanyowat.github.io/ncd-th-ig-demo/StructureDefinition/ncdth-observation-lab"/>
    </resource>
    <resource>
      <extension url="http://hl7.org/fhir/tools/StructureDefinition/resource-information">
        <valueString value="Observation"/>
      </extension>
      <reference>
        <reference value="Observation/ObservationExampleLDL"/>
      </reference>
      <name value="NCD TH Observation - LDL"/>
      <description value="ตัวอย่าง resource instance ที่สร้างตาม Observation Profile - Laboratory"/>
      <exampleCanonical value="https://rathpanyowat.github.io/ncd-th-ig-demo/StructureDefinition/ncdth-observation-lab"/>
    </resource>
    <resource>
      <extension url="http://hl7.org/fhir/tools/StructureDefinition/resource-information">
        <valueString value="Observation"/>
      </extension>
      <reference>
        <reference value="Observation/ObservationExamplePhysical"/>
      </reference>
      <name value="NCD TH Observation - Physical Activity"/>
      <description value="ตัวอย่าง resource instance ที่สร้างตาม Observation Profile - Social"/>
      <exampleCanonical value="https://rathpanyowat.github.io/ncd-th-ig-demo/StructureDefinition/ncdth-observation-social"/>
    </resource>
    <resource>
      <extension url="http://hl7.org/fhir/tools/StructureDefinition/resource-information">
        <valueString value="Observation"/>
      </extension>
      <reference>
        <reference value="Observation/ObservationExampleRBS"/>
      </reference>
      <name value="NCD TH Observation - Resting Blood Sugar (RBS)"/>
      <description value="ตัวอย่าง resource instance ที่สร้างตาม Observation Profile - Laboratory"/>
      <exampleCanonical value="https://rathpanyowat.github.io/ncd-th-ig-demo/StructureDefinition/ncdth-observation-lab"/>
    </resource>
    <resource>
      <extension url="http://hl7.org/fhir/tools/StructureDefinition/resource-information">
        <valueString value="Observation"/>
      </extension>
      <reference>
        <reference value="Observation/ObservationExampleST5"/>
      </reference>
      <name value="NCD TH Observation - คัดกรองซึมเศร้า ST5"/>
      <description value="ตัวอย่าง resource instance ที่สร้างตาม Observation Profile - PE &amp; Survey"/>
      <exampleCanonical value="https://rathpanyowat.github.io/ncd-th-ig-demo/StructureDefinition/ncdth-observation-pe-survey"/>
    </resource>
    <resource>
      <extension url="http://hl7.org/fhir/tools/StructureDefinition/resource-information">
        <valueString value="Observation"/>
      </extension>
      <reference>
        <reference value="Observation/ObservationExampleSmoking"/>
      </reference>
      <name value="NCD TH Observation - Smoking"/>
      <description value="ตัวอย่าง resource instance ที่สร้างตาม Observation Profile - Social"/>
      <exampleCanonical value="https://rathpanyowat.github.io/ncd-th-ig-demo/StructureDefinition/ncdth-observation-social"/>
    </resource>
    <resource>
      <extension url="http://hl7.org/fhir/tools/StructureDefinition/resource-information">
        <valueString value="Observation"/>
      </extension>
      <reference>
        <reference value="Observation/ObservationExampleTG"/>
      </reference>
      <name value="NCD TH Observation - TG"/>
      <description value="ตัวอย่าง resource instance ที่สร้างตาม Observation Profile - Laboratory"/>
      <exampleCanonical value="https://rathpanyowat.github.io/ncd-th-ig-demo/StructureDefinition/ncdth-observation-lab"/>
    </resource>
    <resource>
      <extension url="http://hl7.org/fhir/tools/StructureDefinition/resource-information">
        <valueString value="Observation"/>
      </extension>
      <reference>
        <reference value="Observation/ObservationExampleWC"/>
      </reference>
      <name value="NCD TH Observation - Waist Circumference"/>
      <description value="ตัวอย่าง resource instance ที่สร้างตาม Observation Profile - Vital Signs"/>
      <exampleCanonical value="https://rathpanyowat.github.io/ncd-th-ig-demo/StructureDefinition/ncdth-observation-vital"/>
    </resource>
    <resource>
      <extension url="http://hl7.org/fhir/tools/StructureDefinition/resource-information">
        <valueString value="Organization"/>
      </extension>
      <reference>
        <reference value="Organization/OrganizationExample"/>
      </reference>
      <name value="NCD TH Organization Example"/>
      <description value="ตัวอย่าง resource instance ที่สร้างตาม Organization Profile"/>
      <exampleCanonical value="https://rathpanyowat.github.io/ncd-th-ig-demo/StructureDefinition/ncdth-organization"/>
    </resource>
    <resource>
      <extension url="http://hl7.org/fhir/tools/StructureDefinition/resource-information">
        <valueString value="Patient"/>
      </extension>
      <reference>
        <reference value="Patient/PatientExample"/>
      </reference>
      <name value="NCD TH Patient Example"/>
      <description value="ตัวอย่าง resource instance ที่สร้างตาม NCD Thailand Patient Profile"/>
      <exampleCanonical value="https://rathpanyowat.github.io/ncd-th-ig-demo/StructureDefinition/ncdth-patient"/>
    </resource>
    <page>
      <nameUrl value="toc.html"/>
      <title value="Table of Contents"/>
      <generation value="html"/>
      <page>
        <nameUrl value="index.html"/>
        <title value="Home"/>
        <generation value="markdown"/>
      </page>
    </page>
    <parameter>
      <code value="path-resource"/>
      <value value="input/capabilities"/>
    </parameter>
    <parameter>
      <code value="path-resource"/>
      <value value="input/examples"/>
    </parameter>
    <parameter>
      <code value="path-resource"/>
      <value value="input/extensions"/>
    </parameter>
    <parameter>
      <code value="path-resource"/>
      <value value="input/models"/>
    </parameter>
    <parameter>
      <code value="path-resource"/>
      <value value="input/operations"/>
    </parameter>
    <parameter>
      <code value="path-resource"/>
      <value value="input/profiles"/>
    </parameter>
    <parameter>
      <code value="path-resource"/>
      <value value="input/resources"/>
    </parameter>
    <parameter>
      <code value="path-resource"/>
      <value value="input/vocabulary"/>
    </parameter>
    <parameter>
      <code value="path-resource"/>
      <value value="input/maps"/>
    </parameter>
    <parameter>
      <code value="path-resource"/>
      <value value="input/testing"/>
    </parameter>
    <parameter>
      <code value="path-resource"/>
      <value value="input/history"/>
    </parameter>
    <parameter>
      <code value="path-resource"/>
      <value value="fsh-generated/resources"/>
    </parameter>
    <parameter>
      <code value="path-pages"/>
      <value value="template/config"/>
    </parameter>
    <parameter>
      <code value="path-pages"/>
      <value value="input/images"/>
    </parameter>
    <parameter>
      <code value="path-tx-cache"/>
      <value value="input-cache/txcache"/>
    </parameter>
  </definition>
</ImplementationGuide>