{
  "resourceType": "FamilyMemberHistory",
  "id": "family-member-history-example",
  "meta": {
    "profile": [
      "https://rathpanyowat.github.io/ncd-th-ig-demo/StructureDefinition/ncdth-family-member-history"
    ]
  },
  "text": {
    "status": "generated",
    "div": "<div xmlns=\"http://www.w3.org/1999/xhtml\"><p><b>Generated Narrative</b></p><div style=\"display: inline-block; background-color: #d9e0e7; padding: 6px; margin: 4px; border: 1px solid #8da1b4; border-radius: 5px; line-height: 60%\"><p style=\"margin-bottom: 0px\">Resource \"family-member-history-example\" </p><p style=\"margin-bottom: 0px\">Profile: <a href=\"StructureDefinition-ncdth-family-member-history.html\">FamilyMemberHistory (NCD TH)</a></p></div><p><b>status</b>: completed</p><p><b>patient</b>: <a href=\"Patient-patient-example.html\">Patient/patient-example</a> \" ใจดี\"</p><p><b>name</b>: นางสมหมาย ใจดี</p><p><b>relationship</b>: mother <span style=\"background: LightGoldenRodYellow; margin: 4px; border: 1px solid khaki\"> (<a href=\"http://terminology.hl7.org/3.0.0/CodeSystem-v3-RoleCode.html\">RoleCode</a>#MTH)</span></p><p><b>born</b>: 1934-05-06</p><p><b>age</b>: 88 years<span style=\"background: LightGoldenRodYellow\"> (Details: UCUM code a = 'a')</span></p><p><b>deceased</b>: true</p><p><b>reasonCode</b>: Malignant neoplasm of colon <span style=\"background: LightGoldenRodYellow; margin: 4px; border: 1px solid khaki\"> (<a href=\"https://browser.ihtsdotools.org/\">SNOMED CT</a>#363406005)</span></p></div>"
  },
  "status": "completed",
  "patient": {
    "reference": "Patient/patient-example"
  },
  "name": "นางสมหมาย ใจดี",
  "relationship": {
    "coding": [
      {
        "system": "http://terminology.hl7.org/CodeSystem/v3-RoleCode",
        "code": "MTH",
        "display": "mother"
      }
    ]
  },
  "bornDate": "1934-05-06",
  "ageAge": {
    "value": 88,
    "unit": "years",
    "system": "http://unitsofmeasure.org",
    "code": "a"
  },
  "deceasedBoolean": true,
  "reasonCode": [
    {
      "coding": [
        {
          "system": "http://snomed.info/sct",
          "code": "363406005",
          "display": "Malignant neoplasm of colon"
        }
      ]
    }
  ]
}