{
  "resourceType": "Observation",
  "id": "ObservationExampleCVD",
  "meta": {
    "profile": [
      "https://rathpanyowat.github.io/ncd-th-ig-demo/StructureDefinition/ncdth-observation-pe-survey"
    ]
  },
  "text": {
    "status": "generated",
    "div": "<div xmlns=\"http://www.w3.org/1999/xhtml\"><p><b>Generated Narrative</b></p><div style=\"display: inline-block; background-color: #d9e0e7; padding: 6px; margin: 4px; border: 1px solid #8da1b4; border-radius: 5px; line-height: 60%\"><p style=\"margin-bottom: 0px\">Resource \"ObservationExampleCVD\" </p><p style=\"margin-bottom: 0px\">Profile: <a href=\"StructureDefinition-ncdth-observation-pe-survey.html\">NCD TH Observation Profile - PE &amp; Survey</a></p></div><p><b>status</b>: final</p><p><b>category</b>: Survey <span style=\"background: LightGoldenRodYellow; margin: 4px; border: 1px solid khaki\"> (<a href=\"http://terminology.hl7.org/3.0.0/CodeSystem-observation-category.html\">Observation Category Codes</a>#survey)</span></p><p><b>code</b>: Cardiovascular disease 10Y risk <span style=\"background: LightGoldenRodYellow; margin: 4px; border: 1px solid khaki\"> (<a href=\"https://loinc.org/\">LOINC</a>#99056-4)</span></p><p><b>subject</b>: <a href=\"Patient-PatientExample.html\">Patient/PatientExample</a> \" ใจดี\"</p><p><b>encounter</b>: <a href=\"Encounter-EncounterExample.html\">Encounter/EncounterExample</a></p><p><b>effective</b>: 2022-02-20 02:28:17+0700</p><p><b>value</b>: 16 %<span style=\"background: LightGoldenRodYellow\"> (Details: UCUM code % = '%')</span></p></div>"
  },
  "status": "final",
  "category": [
    {
      "coding": [
        {
          "system": "http://terminology.hl7.org/CodeSystem/observation-category",
          "code": "survey",
          "display": "Survey"
        }
      ],
      "text": "Survey"
    }
  ],
  "code": {
    "coding": [
      {
        "system": "http://loinc.org",
        "code": "99056-4",
        "display": "Cardiovascular disease 10Y risk"
      }
    ],
    "text": "Cardiovascular disease 10Y risk"
  },
  "subject": {
    "reference": "Patient/PatientExample"
  },
  "encounter": {
    "reference": "Encounter/EncounterExample"
  },
  "effectiveDateTime": "2022-02-20T14:28:17+07:00",
  "valueQuantity": {
    "value": 16,
    "unit": "%",
    "system": "http://unitsofmeasure.org",
    "code": "%"
  }
}