{
  "resourceType": "Observation",
  "id": "ObservationExampleFBS",
  "meta": {
    "profile": [
      "https://rathpanyowat.github.io/ncd-th-ig-demo/StructureDefinition/ncdth-observation-lab"
    ]
  },
  "text": {
    "status": "generated",
    "div": "<div xmlns=\"http://www.w3.org/1999/xhtml\"><p><b>Generated Narrative</b></p><div style=\"display: inline-block; background-color: #d9e0e7; padding: 6px; margin: 4px; border: 1px solid #8da1b4; border-radius: 5px; line-height: 60%\"><p style=\"margin-bottom: 0px\">Resource \"ObservationExampleFBS\" </p><p style=\"margin-bottom: 0px\">Profile: <a href=\"StructureDefinition-ncdth-observation-lab.html\">NCD TH Observation Profile - Lab</a></p></div><p><b>status</b>: final</p><p><b>category</b>: Laboratory <span style=\"background: LightGoldenRodYellow; margin: 4px; border: 1px solid khaki\"> (<a href=\"http://terminology.hl7.org/3.0.0/CodeSystem-observation-category.html\">Observation Category Codes</a>#laboratory)</span></p><p><b>code</b>: FBS <span style=\"background: LightGoldenRodYellow; margin: 4px; border: 1px solid khaki\"> (tmlt.this.or.th#320291 \"Fasting glucose [mg/dL] in Serum or Plasma\")</span></p><p><b>subject</b>: <a href=\"Patient-PatientExample.html\">Patient/PatientExample</a> \" ใจดี\"</p><p><b>encounter</b>: <a href=\"Encounter-EncounterExample.html\">Encounter/EncounterExample</a></p><p><b>effective</b>: 2022-02-20 02:28:17+0700</p><p><b>value</b>: 100 mg/dL<span style=\"background: LightGoldenRodYellow\"> (Details: UCUM code mg/dL = 'mg/dL')</span></p></div>"
  },
  "status": "final",
  "category": [
    {
      "coding": [
        {
          "system": "http://terminology.hl7.org/CodeSystem/observation-category",
          "code": "laboratory",
          "display": "Laboratory"
        }
      ],
      "text": "Laboratory"
    }
  ],
  "code": {
    "coding": [
      {
        "system": "https://tmlt.this.or.th",
        "code": "320291",
        "display": "Fasting glucose [mg/dL] in Serum or Plasma"
      }
    ],
    "text": "FBS"
  },
  "subject": {
    "reference": "Patient/PatientExample"
  },
  "encounter": {
    "reference": "Encounter/EncounterExample"
  },
  "effectiveDateTime": "2022-02-20T14:28:17+07:00",
  "valueQuantity": {
    "value": 100,
    "unit": "mg/dL",
    "system": "http://unitsofmeasure.org",
    "code": "mg/dL"
  }
}