{
  "package": "ncd-th-ig",
  "version": "0.1.0",
  "fhirVersion": "4.0.1",
  "jurisdiction": "TH",
  "extensions": [],
  "profiles": {
    "AllergyIntolerance": [
      {
        "url": "https://rathpanyowat.github.io/ncd-th-ig-demo/StructureDefinition/ncdth-allergy-intolerance",
        "title": "NCD Thailand AllergyIntolerance Profile"
      }
    ],
    "Condition": [
      {
        "url": "https://rathpanyowat.github.io/ncd-th-ig-demo/StructureDefinition/ncdth-condition",
        "title": "NCD Thailand Condition Profile"
      }
    ],
    "Coverage": [
      {
        "url": "https://rathpanyowat.github.io/ncd-th-ig-demo/StructureDefinition/ncdth-coverage",
        "title": "NCD Thailand Coverage Profile"
      }
    ],
    "DiagnosticReport": [
      {
        "url": "https://rathpanyowat.github.io/ncd-th-ig-demo/StructureDefinition/ncdth-diagnostic-report-lab",
        "title": "NCD Thailand DiagnosticReport Profile for Lab Report"
      }
    ],
    "Encounter": [
      {
        "url": "https://rathpanyowat.github.io/ncd-th-ig-demo/StructureDefinition/ncdth-encounter",
        "title": "NCD Thailand Encounter Profile"
      }
    ],
    "EpisodeOfCare": [
      {
        "url": "https://rathpanyowat.github.io/ncd-th-ig-demo/StructureDefinition/ncdth-episode-of-care",
        "title": "NCD Thailand EpisodeOfCare Profile"
      }
    ],
    "FamilyMemberHistory": [
      {
        "url": "https://rathpanyowat.github.io/ncd-th-ig-demo/StructureDefinition/ncdth-family-member-history",
        "title": "NCD Thailand FamilyMemberHistory Profile"
      }
    ],
    "Media": [
      {
        "url": "https://rathpanyowat.github.io/ncd-th-ig-demo/StructureDefinition/ncdth-media",
        "title": "NCD Thailand Media Profile"
      }
    ],
    "Observation": [
      {
        "url": "https://rathpanyowat.github.io/ncd-th-ig-demo/StructureDefinition/ncdth-observation",
        "title": "NCD Thailand Observation Profile"
      }
    ],
    "Organization": [
      {
        "url": "https://rathpanyowat.github.io/ncd-th-ig-demo/StructureDefinition/ncdth-organization",
        "title": "NCD Thailand Organization Profile"
      }
    ],
    "Patient": [
      {
        "url": "https://rathpanyowat.github.io/ncd-th-ig-demo/StructureDefinition/ncdth-patient",
        "title": "NCD Thailand Patient Profile"
      }
    ]
  },
  "usage": {
    "http://hl7.org/fhir/StructureDefinition/elementdefinition-bestpractice": [
      "StructureDefinition.snapshot.element.constraint"
    ],
    "http://hl7.org/fhir/StructureDefinition/elementdefinition-bestpractice-explanation": [
      "StructureDefinition.snapshot.element.constraint"
    ],
    "http://hl7.org/fhir/StructureDefinition/elementdefinition-bindingName": [
      "StructureDefinition.snapshot.element.binding"
    ],
    "http://hl7.org/fhir/StructureDefinition/elementdefinition-isCommonBinding": [
      "StructureDefinition.snapshot.element.binding"
    ],
    "http://hl7.org/fhir/StructureDefinition/elementdefinition-maxValueSet": [
      "StructureDefinition.snapshot.element.binding"
    ],
    "http://hl7.org/fhir/StructureDefinition/language": [
      "Patient.contact.name",
      "Patient.name"
    ],
    "http://hl7.org/fhir/StructureDefinition/structuredefinition-category": [
      "StructureDefinition"
    ],
    "http://hl7.org/fhir/StructureDefinition/structuredefinition-display-hint": [
      "StructureDefinition.snapshot.element"
    ],
    "http://hl7.org/fhir/StructureDefinition/structuredefinition-explicit-type-name": [
      "StructureDefinition.snapshot.element"
    ],
    "http://hl7.org/fhir/StructureDefinition/structuredefinition-fhir-type": [
      "StructureDefinition.snapshot.element.type"
    ],
    "http://hl7.org/fhir/StructureDefinition/structuredefinition-hierarchy": [
      "StructureDefinition.snapshot.element.type"
    ],
    "http://hl7.org/fhir/StructureDefinition/structuredefinition-security-category": [
      "StructureDefinition"
    ],
    "http://hl7.org/fhir/StructureDefinition/structuredefinition-standards-status": [
      "StructureDefinition.snapshot.element"
    ],
    "http://hl7.org/fhir/tools/StructureDefinition/ig-parameter": [
      "ImplementationGuide.definition"
    ],
    "http://hl7.org/fhir/tools/StructureDefinition/resource-information": [
      "ImplementationGuide.definition.resource"
    ]
  }
}