<?xml version="1.0" encoding="UTF-8"?>

<ValueSet xmlns="http://hl7.org/fhir">
  <id value="ncdth-vital-vs"/>
  <text>
    <status value="generated"/><div xmlns="http://www.w3.org/1999/xhtml"><p>This value set includes codes based on the following rules:</p><ul><li>Include these codes as defined in <a href="http://loinc.org"><code>http://loinc.org</code></a><table class="none"><tr><td style="white-space:nowrap"><b>Code</b></td><td><b>Display</b></td></tr><tr><td><a href="http://details.loinc.org/LOINC/30525-0.html">30525-0</a></td><td>Age</td></tr></table></li><li>Import all the codes that are contained in <a href="http://hl7.org/fhir/R4/valueset-observation-vitalsignresult.html">http://hl7.org/fhir/ValueSet/observation-vitalsignresult</a></li></ul></div>
  </text>
  <url value="https://rathpanyowat.github.io/ncd-th-ig-demo/ValueSet/ncdth-vital-vs"/>
  <version value="0.1.0"/>
  <name value="NCDTHVitalVS"/>
  <title value="NCD TH Vital Signs Value Set"/>
  <status value="active"/>
  <date value="2022-02-22T23:30:09+07:00"/>
  <publisher value="Standard and Interoperability Lab Thailand"/>
  <contact>
    <name value="Standard and Interoperability Lab Thailand"/>
    <telecom>
      <system value="url"/>
      <value value="https://sil-th.github.io/"/>
    </telecom>
  </contact>
  <description value="รหัสจากระบบ LOINC ในการบันทึกชนิดการตรวจ vital signs"/>
  <jurisdiction>
    <coding>
      <system value="urn:iso:std:iso:3166"/>
      <code value="TH"/>
      <display value="Thailand"/>
    </coding>
  </jurisdiction>
  <compose>
    <include>
      <system value="http://loinc.org"/>
      <concept>
        <code value="30525-0"/>
        <display value="Age"/>
      </concept>
    </include>
    <include>
      <valueSet value="http://hl7.org/fhir/ValueSet/observation-vitalsignresult"/>
    </include>
  </compose>
</ValueSet>