{"resourceType":"ImplementationGuide","id":"ncd-th-ig","text":{"status":"extensions","div":"<div xmlns=\"http://www.w3.org/1999/xhtml\"><h2>ThaiNCDIG</h2><p>The official URL for this implementation guide is: </p><pre>https://rathpanyowat.github.io/ncd-th-ig-demo/ImplementationGuide/ncd-th-ig</pre><div><p>Implementation Guide สำหรับการแลกเปลี่ยนข้อมูลผู้ป่วย NCD</p>\n</div></div>"},"url":"https://rathpanyowat.github.io/ncd-th-ig-demo/ImplementationGuide/ncd-th-ig","version":"0.1.0","name":"ThaiNCDIG","title":"Thai NCD Implementation Guide","status":"draft","date":"2022-02-22T11:05:10+07:00","publisher":"Standard and Interoperability Lab Thailand","contact":[{"name":"Standard and Interoperability Lab Thailand","telecom":[{"system":"url","value":"https://sil-th.github.io/"}]}],"description":"Implementation Guide สำหรับการแลกเปลี่ยนข้อมูลผู้ป่วย NCD","jurisdiction":[{"coding":[{"system":"urn:iso:std:iso:3166","code":"TH","display":"Thailand"}]}],"packageId":"ncd-th-ig","license":"CC0-1.0","fhirVersion":["4.0.1"],"definition":{"extension":[{"extension":[{"url":"code","valueString":"copyrightyear"},{"url":"value","valueString":"2022+"}],"url":"http://hl7.org/fhir/tools/StructureDefinition/ig-parameter"},{"extension":[{"url":"code","valueString":"releaselabel"},{"url":"value","valueString":"ci-build"}],"url":"http://hl7.org/fhir/tools/StructureDefinition/ig-parameter"},{"extension":[{"url":"code","valueString":"show-inherited-invariants"},{"url":"value","valueString":"false"}],"url":"http://hl7.org/fhir/tools/StructureDefinition/ig-parameter"},{"extension":[{"url":"code","valueString":"excludettl"},{"url":"value","valueString":"true"}],"url":"http://hl7.org/fhir/tools/StructureDefinition/ig-parameter"},{"extension":[{"url":"code","valueString":"autoload-resources"},{"url":"value","valueString":"true"}],"url":"http://hl7.org/fhir/tools/StructureDefinition/ig-parameter"},{"extension":[{"url":"code","valueString":"path-liquid"},{"url":"value","valueString":"template/liquid"}],"url":"http://hl7.org/fhir/tools/StructureDefinition/ig-parameter"},{"extension":[{"url":"code","valueString":"path-liquid"},{"url":"value","valueString":"input/liquid"}],"url":"http://hl7.org/fhir/tools/StructureDefinition/ig-parameter"},{"extension":[{"url":"code","valueString":"path-qa"},{"url":"value","valueString":"temp/qa"}],"url":"http://hl7.org/fhir/tools/StructureDefinition/ig-parameter"},{"extension":[{"url":"code","valueString":"path-temp"},{"url":"value","valueString":"temp/pages"}],"url":"http://hl7.org/fhir/tools/StructureDefinition/ig-parameter"},{"extension":[{"url":"code","valueString":"path-output"},{"url":"value","valueString":"output"}],"url":"http://hl7.org/fhir/tools/StructureDefinition/ig-parameter"},{"extension":[{"url":"code","valueString":"path-suppressed-warnings"},{"url":"value","valueString":"input/ignoreWarnings.txt"}],"url":"http://hl7.org/fhir/tools/StructureDefinition/ig-parameter"},{"extension":[{"url":"code","valueString":"path-history"},{"url":"value","valueString":"https://rathpanyowat.github.io/ncd-th-ig-demo/history.html"}],"url":"http://hl7.org/fhir/tools/StructureDefinition/ig-parameter"},{"extension":[{"url":"code","valueString":"template-html"},{"url":"value","valueString":"template-page.html"}],"url":"http://hl7.org/fhir/tools/StructureDefinition/ig-parameter"},{"extension":[{"url":"code","valueString":"template-md"},{"url":"value","valueString":"template-page-md.html"}],"url":"http://hl7.org/fhir/tools/StructureDefinition/ig-parameter"},{"extension":[{"url":"code","valueString":"apply-contact"},{"url":"value","valueString":"true"}],"url":"http://hl7.org/fhir/tools/StructureDefinition/ig-parameter"},{"extension":[{"url":"code","valueString":"apply-context"},{"url":"value","valueString":"true"}],"url":"http://hl7.org/fhir/tools/StructureDefinition/ig-parameter"},{"extension":[{"url":"code","valueString":"apply-copyright"},{"url":"value","valueString":"true"}],"url":"http://hl7.org/fhir/tools/StructureDefinition/ig-parameter"},{"extension":[{"url":"code","valueString":"apply-jurisdiction"},{"url":"value","valueString":"true"}],"url":"http://hl7.org/fhir/tools/StructureDefinition/ig-parameter"},{"extension":[{"url":"code","valueString":"apply-license"},{"url":"value","valueString":"true"}],"url":"http://hl7.org/fhir/tools/StructureDefinition/ig-parameter"},{"extension":[{"url":"code","valueString":"apply-publisher"},{"url":"value","valueString":"true"}],"url":"http://hl7.org/fhir/tools/StructureDefinition/ig-parameter"},{"extension":[{"url":"code","valueString":"apply-version"},{"url":"value","valueString":"true"}],"url":"http://hl7.org/fhir/tools/StructureDefinition/ig-parameter"},{"extension":[{"url":"code","valueString":"active-tables"},{"url":"value","valueString":"true"}],"url":"http://hl7.org/fhir/tools/StructureDefinition/ig-parameter"},{"extension":[{"url":"code","valueString":"fmm-definition"},{"url":"value","valueString":"http://hl7.org/fhir/versions.html#maturity"}],"url":"http://hl7.org/fhir/tools/StructureDefinition/ig-parameter"},{"extension":[{"url":"code","valueString":"propagate-status"},{"url":"value","valueString":"true"}],"url":"http://hl7.org/fhir/tools/StructureDefinition/ig-parameter"}],"grouping":[{"id":"-str-profile","name":"Structures: Resource Profiles","description":"These define constraints on FHIR resources for systems conforming to this implementation guide"},{"id":"-term-valueset","name":"Terminology: Value Sets","description":"These define sets of codes used by systems conforming to this implementation guide"},{"id":"-term-codesystem","name":"Terminology: Code Systems","description":"These define new code systems used by systems conforming to this implementation guide"},{"id":"-ex-example","name":"Example: Example Instances","description":"These are example instances that show what data produced and consumed by systems conforming with this implementation guide might look like"}],"resource":[{"extension":[{"url":"http://hl7.org/fhir/StructureDefinition/implementationguide-page","valueUri":"StructureDefinition-ncdth-allergy-intolerance.html"}],"reference":{"reference":"StructureDefinition/ncdth-allergy-intolerance"},"name":"NCD Thailand AllergyIntolerance Profile","description":"Profile สำหรับ AllergyIntolerance resource","exampleBoolean":false,"groupingId":"-str-profile"},{"extension":[{"url":"http://hl7.org/fhir/StructureDefinition/implementationguide-page","valueUri":"StructureDefinition-ncdth-condition.html"}],"reference":{"reference":"StructureDefinition/ncdth-condition"},"name":"NCD Thailand Condition Profile","description":"Profile สำหรับ Condition resource","exampleBoolean":false,"groupingId":"-str-profile"},{"extension":[{"url":"http://hl7.org/fhir/StructureDefinition/implementationguide-page","valueUri":"StructureDefinition-ncdth-coverage.html"}],"reference":{"reference":"StructureDefinition/ncdth-coverage"},"name":"NCD Thailand Coverage Profile","description":"Profile สำหรับ Coverage resource","exampleBoolean":false,"groupingId":"-str-profile"},{"extension":[{"url":"http://hl7.org/fhir/StructureDefinition/implementationguide-page","valueUri":"StructureDefinition-ncdth-diagnostic-report-lab.html"}],"reference":{"reference":"StructureDefinition/ncdth-diagnostic-report-lab"},"name":"NCD Thailand DiagnosticReport Profile for Lab Report","description":"Profile สำหรับ DiagnosticReport resource","exampleBoolean":false,"groupingId":"-str-profile"},{"extension":[{"url":"http://hl7.org/fhir/StructureDefinition/implementationguide-page","valueUri":"StructureDefinition-ncdth-encounter.html"}],"reference":{"reference":"StructureDefinition/ncdth-encounter"},"name":"NCD Thailand Encounter Profile","description":"Profile สำหรับ Encounter resource","exampleBoolean":false,"groupingId":"-str-profile"},{"extension":[{"url":"http://hl7.org/fhir/StructureDefinition/implementationguide-page","valueUri":"StructureDefinition-ncdth-episode-of-care.html"}],"reference":{"reference":"StructureDefinition/ncdth-episode-of-care"},"name":"NCD Thailand EpisodeOfCare Profile","description":"Profile สำหรับ EpisodeOfCare resource","exampleBoolean":false,"groupingId":"-str-profile"},{"extension":[{"url":"http://hl7.org/fhir/StructureDefinition/implementationguide-page","valueUri":"StructureDefinition-ncdth-family-member-history.html"}],"reference":{"reference":"StructureDefinition/ncdth-family-member-history"},"name":"NCD Thailand FamilyMemberHistory Profile","description":"Profile สำหรับ FamilyMemberHistory resource","exampleBoolean":false,"groupingId":"-str-profile"},{"extension":[{"url":"http://hl7.org/fhir/StructureDefinition/implementationguide-page","valueUri":"StructureDefinition-ncdth-media.html"}],"reference":{"reference":"StructureDefinition/ncdth-media"},"name":"NCD Thailand Media Profile","description":"Profile สำหรับ Media resource","exampleBoolean":false,"groupingId":"-str-profile"},{"extension":[{"url":"http://hl7.org/fhir/StructureDefinition/implementationguide-page","valueUri":"StructureDefinition-ncdth-observation.html"}],"reference":{"reference":"StructureDefinition/ncdth-observation"},"name":"NCD Thailand Observation Profile","description":"Profile สำหรับ Observation resource","exampleBoolean":false,"groupingId":"-str-profile"},{"extension":[{"url":"http://hl7.org/fhir/StructureDefinition/implementationguide-page","valueUri":"StructureDefinition-ncdth-organization.html"}],"reference":{"reference":"StructureDefinition/ncdth-organization"},"name":"NCD Thailand Organization Profile","description":"Profile สำหรับ Organization resource","exampleBoolean":false,"groupingId":"-str-profile"},{"extension":[{"url":"http://hl7.org/fhir/StructureDefinition/implementationguide-page","valueUri":"StructureDefinition-ncdth-patient.html"}],"reference":{"reference":"StructureDefinition/ncdth-patient"},"name":"NCD Thailand Patient Profile","description":"Profile สำหรับ Patient resource","exampleBoolean":false,"groupingId":"-str-profile"},{"extension":[{"url":"http://hl7.org/fhir/StructureDefinition/implementationguide-page","valueUri":"ValueSet-th-gov-coverage-type-vs.html"}],"reference":{"reference":"ValueSet/th-gov-coverage-type-vs"},"name":"Thai Government Coverage Type Value Set","description":"รหัสประเภทสิทธิ์การรักษาพยาบาลภาครัฐของไทย","exampleBoolean":false,"groupingId":"-term-valueset"},{"extension":[{"url":"http://hl7.org/fhir/StructureDefinition/implementationguide-page","valueUri":"CodeSystem-th-gov-coverage-type-cs.html"}],"reference":{"reference":"CodeSystem/th-gov-coverage-type-cs"},"name":"Thai Government Coverage Type Code System","description":"รหัสประเภทสิทธิ์การรักษาพยาบาลภาครัฐของไทย","exampleBoolean":false,"groupingId":"-term-codesystem"},{"extension":[{"url":"http://hl7.org/fhir/StructureDefinition/implementationguide-page","valueUri":"Patient-PatientExample.html"}],"reference":{"reference":"Patient/PatientExample"},"name":"NCD Thaland Patient Example","description":"ตัวอย่าง resource instance ที่สร้างตาม NCD Thailand Patient Profile","exampleCanonical":"https://rathpanyowat.github.io/ncd-th-ig-demo/StructureDefinition/ncdth-patient","groupingId":"-ex-example"}],"page":{"nameUrl":"toc.html","title":"Table of Contents","generation":"html","page":[{"nameUrl":"index.html","title":"Home","generation":"markdown"},{"nameUrl":"artifacts.html","title":"Artifacts Summary","generation":"html","page":[{"nameUrl":"StructureDefinition-ncdth-allergy-intolerance.html","title":"NCD Thailand AllergyIntolerance Profile","generation":"generated"},{"nameUrl":"StructureDefinition-ncdth-condition.html","title":"NCD Thailand Condition Profile","generation":"generated"},{"nameUrl":"StructureDefinition-ncdth-coverage.html","title":"NCD Thailand Coverage Profile","generation":"generated"},{"nameUrl":"StructureDefinition-ncdth-diagnostic-report-lab.html","title":"NCD Thailand DiagnosticReport Profile for Lab Report","generation":"generated"},{"nameUrl":"StructureDefinition-ncdth-encounter.html","title":"NCD Thailand Encounter Profile","generation":"generated"},{"nameUrl":"StructureDefinition-ncdth-episode-of-care.html","title":"NCD Thailand EpisodeOfCare Profile","generation":"generated"},{"nameUrl":"StructureDefinition-ncdth-family-member-history.html","title":"NCD Thailand FamilyMemberHistory Profile","generation":"generated"},{"nameUrl":"StructureDefinition-ncdth-media.html","title":"NCD Thailand Media Profile","generation":"generated"},{"nameUrl":"StructureDefinition-ncdth-observation.html","title":"NCD Thailand Observation Profile","generation":"generated"},{"nameUrl":"StructureDefinition-ncdth-organization.html","title":"NCD Thailand Organization Profile","generation":"generated"},{"nameUrl":"StructureDefinition-ncdth-patient.html","title":"NCD Thailand Patient Profile","generation":"generated"},{"nameUrl":"ValueSet-th-gov-coverage-type-vs.html","title":"Thai Government Coverage Type Value Set","generation":"generated"},{"nameUrl":"CodeSystem-th-gov-coverage-type-cs.html","title":"Thai Government Coverage Type Code System","generation":"generated"},{"nameUrl":"Patient-PatientExample.html","title":"NCD Thaland Patient Example","generation":"generated"}]}]},"parameter":[{"code":"path-resource","value":"input/capabilities"},{"code":"path-resource","value":"input/examples"},{"code":"path-resource","value":"input/extensions"},{"code":"path-resource","value":"input/models"},{"code":"path-resource","value":"input/operations"},{"code":"path-resource","value":"input/profiles"},{"code":"path-resource","value":"input/resources"},{"code":"path-resource","value":"input/vocabulary"},{"code":"path-resource","value":"input/maps"},{"code":"path-resource","value":"input/testing"},{"code":"path-resource","value":"input/history"},{"code":"path-resource","value":"fsh-generated/resources"},{"code":"path-pages","value":"template/config"},{"code":"path-pages","value":"input/images"},{"code":"path-tx-cache","value":"input-cache/txcache"}]}}