{"resourceType":"ImplementationGuide","id":"ncd-th-ig","text":{"status":"extensions","div":"<div xmlns=\"http://www.w3.org/1999/xhtml\"><h2>ThaiNCDIG</h2><p>The official URL for this implementation guide is: </p><pre>https://rathpanyowat.github.io/ncd-th-ig-demo/ImplementationGuide/ncd-th-ig</pre><div><p>Implementation Guide สำหรับการแลกเปลี่ยนข้อมูลผู้ป่วย NCD</p>\n</div></div>"},"url":"https://rathpanyowat.github.io/ncd-th-ig-demo/ImplementationGuide/ncd-th-ig","version":"0.1.0","name":"ThaiNCDIG","title":"Thai NCD Implementation Guide","status":"draft","date":"2022-02-22T23:30:09+07:00","publisher":"Standard and Interoperability Lab Thailand","contact":[{"name":"Standard and Interoperability Lab Thailand","telecom":[{"system":"url","value":"https://sil-th.github.io/"}]}],"description":"Implementation Guide สำหรับการแลกเปลี่ยนข้อมูลผู้ป่วย NCD","jurisdiction":[{"coding":[{"system":"urn:iso:std:iso:3166","code":"TH","display":"Thailand"}]}],"packageId":"ncd-th-ig","license":"CC0-1.0","fhirVersion":["4.0.1"],"definition":{"extension":[{"extension":[{"url":"code","valueString":"copyrightyear"},{"url":"value","valueString":"2022+"}],"url":"http://hl7.org/fhir/tools/StructureDefinition/ig-parameter"},{"extension":[{"url":"code","valueString":"releaselabel"},{"url":"value","valueString":"ci-build"}],"url":"http://hl7.org/fhir/tools/StructureDefinition/ig-parameter"},{"extension":[{"url":"code","valueString":"show-inherited-invariants"},{"url":"value","valueString":"false"}],"url":"http://hl7.org/fhir/tools/StructureDefinition/ig-parameter"},{"extension":[{"url":"code","valueString":"excludettl"},{"url":"value","valueString":"true"}],"url":"http://hl7.org/fhir/tools/StructureDefinition/ig-parameter"},{"extension":[{"url":"code","valueString":"autoload-resources"},{"url":"value","valueString":"true"}],"url":"http://hl7.org/fhir/tools/StructureDefinition/ig-parameter"},{"extension":[{"url":"code","valueString":"path-liquid"},{"url":"value","valueString":"template/liquid"}],"url":"http://hl7.org/fhir/tools/StructureDefinition/ig-parameter"},{"extension":[{"url":"code","valueString":"path-liquid"},{"url":"value","valueString":"input/liquid"}],"url":"http://hl7.org/fhir/tools/StructureDefinition/ig-parameter"},{"extension":[{"url":"code","valueString":"path-qa"},{"url":"value","valueString":"temp/qa"}],"url":"http://hl7.org/fhir/tools/StructureDefinition/ig-parameter"},{"extension":[{"url":"code","valueString":"path-temp"},{"url":"value","valueString":"temp/pages"}],"url":"http://hl7.org/fhir/tools/StructureDefinition/ig-parameter"},{"extension":[{"url":"code","valueString":"path-output"},{"url":"value","valueString":"output"}],"url":"http://hl7.org/fhir/tools/StructureDefinition/ig-parameter"},{"extension":[{"url":"code","valueString":"path-suppressed-warnings"},{"url":"value","valueString":"input/ignoreWarnings.txt"}],"url":"http://hl7.org/fhir/tools/StructureDefinition/ig-parameter"},{"extension":[{"url":"code","valueString":"path-history"},{"url":"value","valueString":"https://rathpanyowat.github.io/ncd-th-ig-demo/history.html"}],"url":"http://hl7.org/fhir/tools/StructureDefinition/ig-parameter"},{"extension":[{"url":"code","valueString":"template-html"},{"url":"value","valueString":"template-page.html"}],"url":"http://hl7.org/fhir/tools/StructureDefinition/ig-parameter"},{"extension":[{"url":"code","valueString":"template-md"},{"url":"value","valueString":"template-page-md.html"}],"url":"http://hl7.org/fhir/tools/StructureDefinition/ig-parameter"},{"extension":[{"url":"code","valueString":"apply-contact"},{"url":"value","valueString":"true"}],"url":"http://hl7.org/fhir/tools/StructureDefinition/ig-parameter"},{"extension":[{"url":"code","valueString":"apply-context"},{"url":"value","valueString":"true"}],"url":"http://hl7.org/fhir/tools/StructureDefinition/ig-parameter"},{"extension":[{"url":"code","valueString":"apply-copyright"},{"url":"value","valueString":"true"}],"url":"http://hl7.org/fhir/tools/StructureDefinition/ig-parameter"},{"extension":[{"url":"code","valueString":"apply-jurisdiction"},{"url":"value","valueString":"true"}],"url":"http://hl7.org/fhir/tools/StructureDefinition/ig-parameter"},{"extension":[{"url":"code","valueString":"apply-license"},{"url":"value","valueString":"true"}],"url":"http://hl7.org/fhir/tools/StructureDefinition/ig-parameter"},{"extension":[{"url":"code","valueString":"apply-publisher"},{"url":"value","valueString":"true"}],"url":"http://hl7.org/fhir/tools/StructureDefinition/ig-parameter"},{"extension":[{"url":"code","valueString":"apply-version"},{"url":"value","valueString":"true"}],"url":"http://hl7.org/fhir/tools/StructureDefinition/ig-parameter"},{"extension":[{"url":"code","valueString":"active-tables"},{"url":"value","valueString":"true"}],"url":"http://hl7.org/fhir/tools/StructureDefinition/ig-parameter"},{"extension":[{"url":"code","valueString":"fmm-definition"},{"url":"value","valueString":"http://hl7.org/fhir/versions.html#maturity"}],"url":"http://hl7.org/fhir/tools/StructureDefinition/ig-parameter"},{"extension":[{"url":"code","valueString":"propagate-status"},{"url":"value","valueString":"true"}],"url":"http://hl7.org/fhir/tools/StructureDefinition/ig-parameter"}],"grouping":[{"id":"-str-profile","name":"Structures: Resource Profiles","description":"These define constraints on FHIR resources for systems conforming to this implementation guide"},{"id":"-term-valueset","name":"Terminology: Value Sets","description":"These define sets of codes used by systems conforming to this implementation guide"},{"id":"-term-codesystem","name":"Terminology: Code Systems","description":"These define new code systems used by systems conforming to this implementation guide"},{"id":"-ex-example","name":"Example: Example Instances","description":"These are example instances that show what data produced and consumed by systems conforming with this implementation guide might look like"}],"resource":[{"extension":[{"url":"http://hl7.org/fhir/StructureDefinition/implementationguide-page","valueUri":"StructureDefinition-ncdth-allergy-intolerance.html"}],"reference":{"reference":"StructureDefinition/ncdth-allergy-intolerance"},"name":"NCD TH AllergyIntolerance Profile","description":"Profile สำหรับ AllergyIntolerance resource","exampleBoolean":false,"groupingId":"-str-profile"},{"extension":[{"url":"http://hl7.org/fhir/StructureDefinition/implementationguide-page","valueUri":"StructureDefinition-ncdth-condition.html"}],"reference":{"reference":"StructureDefinition/ncdth-condition"},"name":"NCD TH Condition Profile","description":"Profile สำหรับ Condition resource","exampleBoolean":false,"groupingId":"-str-profile"},{"extension":[{"url":"http://hl7.org/fhir/StructureDefinition/implementationguide-page","valueUri":"StructureDefinition-ncdth-coverage.html"}],"reference":{"reference":"StructureDefinition/ncdth-coverage"},"name":"NCD TH Coverage Profile","description":"Profile สำหรับ Coverage resource","exampleBoolean":false,"groupingId":"-str-profile"},{"extension":[{"url":"http://hl7.org/fhir/StructureDefinition/implementationguide-page","valueUri":"StructureDefinition-ncdth-diagnostic-report-lab.html"}],"reference":{"reference":"StructureDefinition/ncdth-diagnostic-report-lab"},"name":"NCD TH DiagnosticReport Profile for Lab Report","description":"Profile สำหรับ DiagnosticReport resource","exampleBoolean":false,"groupingId":"-str-profile"},{"extension":[{"url":"http://hl7.org/fhir/StructureDefinition/implementationguide-page","valueUri":"StructureDefinition-ncdth-encounter.html"}],"reference":{"reference":"StructureDefinition/ncdth-encounter"},"name":"NCD TH Encounter Profile","description":"Profile สำหรับ Encounter resource","exampleBoolean":false,"groupingId":"-str-profile"},{"extension":[{"url":"http://hl7.org/fhir/StructureDefinition/implementationguide-page","valueUri":"StructureDefinition-ncdth-episode-of-care.html"}],"reference":{"reference":"StructureDefinition/ncdth-episode-of-care"},"name":"NCD TH EpisodeOfCare Profile","description":"Profile สำหรับ EpisodeOfCare resource","exampleBoolean":false,"groupingId":"-str-profile"},{"extension":[{"url":"http://hl7.org/fhir/StructureDefinition/implementationguide-page","valueUri":"StructureDefinition-ncdth-family-member-history.html"}],"reference":{"reference":"StructureDefinition/ncdth-family-member-history"},"name":"NCD TH FamilyMemberHistory Profile","description":"Profile สำหรับ FamilyMemberHistory resource","exampleBoolean":false,"groupingId":"-str-profile"},{"extension":[{"url":"http://hl7.org/fhir/StructureDefinition/implementationguide-page","valueUri":"StructureDefinition-ncdth-media.html"}],"reference":{"reference":"StructureDefinition/ncdth-media"},"name":"NCD TH Media Profile","description":"Profile สำหรับ Media resource","exampleBoolean":false,"groupingId":"-str-profile"},{"extension":[{"url":"http://hl7.org/fhir/StructureDefinition/implementationguide-page","valueUri":"StructureDefinition-ncdth-observation-lab.html"}],"reference":{"reference":"StructureDefinition/ncdth-observation-lab"},"name":"NCD TH Observation Profile - Lab","description":"Profile สำหรับ Observation resource - Lab","exampleBoolean":false,"groupingId":"-str-profile"},{"extension":[{"url":"http://hl7.org/fhir/StructureDefinition/implementationguide-page","valueUri":"StructureDefinition-ncdth-observation-pe-survey.html"}],"reference":{"reference":"StructureDefinition/ncdth-observation-pe-survey"},"name":"NCD TH Observation Profile - PE & Survey","description":"Profile สำหรับ Observation resource - PE & Survey","exampleBoolean":false,"groupingId":"-str-profile"},{"extension":[{"url":"http://hl7.org/fhir/StructureDefinition/implementationguide-page","valueUri":"StructureDefinition-ncdth-observation-social.html"}],"reference":{"reference":"StructureDefinition/ncdth-observation-social"},"name":"NCD TH Observation Profile - Social History","description":"Profile สำหรับ Observation resource - Social History","exampleBoolean":false,"groupingId":"-str-profile"},{"extension":[{"url":"http://hl7.org/fhir/StructureDefinition/implementationguide-page","valueUri":"StructureDefinition-ncdth-observation-vital.html"}],"reference":{"reference":"StructureDefinition/ncdth-observation-vital"},"name":"NCD TH Observation Profile - Vital Signs","description":"Profile สำหรับ Observation resource - Vital Signs","exampleBoolean":false,"groupingId":"-str-profile"},{"extension":[{"url":"http://hl7.org/fhir/StructureDefinition/implementationguide-page","valueUri":"StructureDefinition-ncdth-organization.html"}],"reference":{"reference":"StructureDefinition/ncdth-organization"},"name":"NCD TH Organization Profile","description":"Profile สำหรับ Organization resource","exampleBoolean":false,"groupingId":"-str-profile"},{"extension":[{"url":"http://hl7.org/fhir/StructureDefinition/implementationguide-page","valueUri":"StructureDefinition-ncdth-patient.html"}],"reference":{"reference":"StructureDefinition/ncdth-patient"},"name":"NCD TH Patient Profile","description":"Profile สำหรับ Patient resource","exampleBoolean":false,"groupingId":"-str-profile"},{"extension":[{"url":"http://hl7.org/fhir/StructureDefinition/implementationguide-page","valueUri":"ValueSet-ncdth-lab-vs.html"}],"reference":{"reference":"ValueSet/ncdth-lab-vs"},"name":"NCD TH Laboratory Value Set","description":"รหัสมาตรฐานการตรวจทางห้องปฏิบัติการที่ใช้ใน NCD IG","exampleBoolean":false,"groupingId":"-term-valueset"},{"extension":[{"url":"http://hl7.org/fhir/StructureDefinition/implementationguide-page","valueUri":"ValueSet-ncdth-vital-vs.html"}],"reference":{"reference":"ValueSet/ncdth-vital-vs"},"name":"NCD TH Vital Signs Value Set","description":"รหัสจากระบบ LOINC ในการบันทึกชนิดการตรวจ vital signs","exampleBoolean":false,"groupingId":"-term-valueset"},{"extension":[{"url":"http://hl7.org/fhir/StructureDefinition/implementationguide-page","valueUri":"ValueSet-th-gov-coverage-type-vs.html"}],"reference":{"reference":"ValueSet/th-gov-coverage-type-vs"},"name":"Thai Government Coverage Type Value Set","description":"รหัสประเภทสิทธิ์การรักษาพยาบาลภาครัฐของไทย รวมกับรหัสที่ HL7 กำหนด","exampleBoolean":false,"groupingId":"-term-valueset"},{"extension":[{"url":"http://hl7.org/fhir/StructureDefinition/implementationguide-page","valueUri":"CodeSystem-th-gov-coverage-type-cs.html"}],"reference":{"reference":"CodeSystem/th-gov-coverage-type-cs"},"name":"Thai Government Coverage Type Code System","description":"รหัสประเภทสิทธิ์การรักษาพยาบาลภาครัฐของไทย","exampleBoolean":false,"groupingId":"-term-codesystem"},{"extension":[{"url":"http://hl7.org/fhir/StructureDefinition/implementationguide-page","valueUri":"AllergyIntolerance-AllergyIntoleranceExample.html"}],"reference":{"reference":"AllergyIntolerance/AllergyIntoleranceExample"},"name":"NCD TH AllergyIntolerance Example","description":"ตัวอย่าง resource instance ที่สร้างตาม AllergyIntolerance Profile","exampleCanonical":"https://rathpanyowat.github.io/ncd-th-ig-demo/StructureDefinition/ncdth-allergy-intolerance","groupingId":"-ex-example"},{"extension":[{"url":"http://hl7.org/fhir/StructureDefinition/implementationguide-page","valueUri":"Condition-ConditionExample1.html"}],"reference":{"reference":"Condition/ConditionExample1"},"name":"NCD TH Condition Example 1 - Hypertension","description":"ตัวอย่าง resource instance ที่สร้างตาม Condition Profile","exampleCanonical":"https://rathpanyowat.github.io/ncd-th-ig-demo/StructureDefinition/ncdth-condition","groupingId":"-ex-example"},{"extension":[{"url":"http://hl7.org/fhir/StructureDefinition/implementationguide-page","valueUri":"Condition-ConditionExample2.html"}],"reference":{"reference":"Condition/ConditionExample2"},"name":"NCD TH Condition Example 2 - Diabetes Mellitus","description":"ตัวอย่าง resource instance ที่สร้างตาม Condition Profile","exampleCanonical":"https://rathpanyowat.github.io/ncd-th-ig-demo/StructureDefinition/ncdth-condition","groupingId":"-ex-example"},{"extension":[{"url":"http://hl7.org/fhir/StructureDefinition/implementationguide-page","valueUri":"Coverage-CoverageExample.html"}],"reference":{"reference":"Coverage/CoverageExample"},"name":"NCD TH Coverage Example","description":"ตัวอย่าง resource instance ที่สร้างตาม Coverage Profile","exampleCanonical":"https://rathpanyowat.github.io/ncd-th-ig-demo/StructureDefinition/ncdth-coverage","groupingId":"-ex-example"},{"extension":[{"url":"http://hl7.org/fhir/StructureDefinition/implementationguide-page","valueUri":"DiagnosticReport-DiagnosticReportLabExample1.html"}],"reference":{"reference":"DiagnosticReport/DiagnosticReportLabExample1"},"name":"NCD TH DiagnosticReport for Lab Report Example - Lipid Profile","description":"ตัวอย่าง resource instance ที่สร้างตาม DiagnosticReport Profile เป็นข้อมูลรายงานผล Lipid Profile","exampleCanonical":"https://rathpanyowat.github.io/ncd-th-ig-demo/StructureDefinition/ncdth-diagnostic-report-lab","groupingId":"-ex-example"},{"extension":[{"url":"http://hl7.org/fhir/StructureDefinition/implementationguide-page","valueUri":"DiagnosticReport-DiagnosticReportLabExample2.html"}],"reference":{"reference":"DiagnosticReport/DiagnosticReportLabExample2"},"name":"NCD TH DiagnosticReport for Lab Report Example - Metabolic Profile","description":"ตัวอย่าง resource instance ที่สร้างตาม DiagnosticReport Profile เป็นข้อมูลรายงานผล Metabolic Profile","exampleCanonical":"https://rathpanyowat.github.io/ncd-th-ig-demo/StructureDefinition/ncdth-diagnostic-report-lab","groupingId":"-ex-example"},{"extension":[{"url":"http://hl7.org/fhir/StructureDefinition/implementationguide-page","valueUri":"Encounter-EncounterExample.html"}],"reference":{"reference":"Encounter/EncounterExample"},"name":"NCD TH Encounter Example","description":"ตัวอย่าง resource instance ที่สร้างตาม Encounter Profile","exampleCanonical":"https://rathpanyowat.github.io/ncd-th-ig-demo/StructureDefinition/ncdth-encounter","groupingId":"-ex-example"},{"extension":[{"url":"http://hl7.org/fhir/StructureDefinition/implementationguide-page","valueUri":"EpisodeOfCare-EpisodeOfCareExample.html"}],"reference":{"reference":"EpisodeOfCare/EpisodeOfCareExample"},"name":"NCD TH EpisodeOfCare Example","description":"ตัวอย่าง resource instance ที่สร้างตาม EpisodeOfCare Profile","exampleCanonical":"https://rathpanyowat.github.io/ncd-th-ig-demo/StructureDefinition/ncdth-episode-of-care","groupingId":"-ex-example"},{"extension":[{"url":"http://hl7.org/fhir/StructureDefinition/implementationguide-page","valueUri":"FamilyMemberHistory-FamilyMemberHistoryExample.html"}],"reference":{"reference":"FamilyMemberHistory/FamilyMemberHistoryExample"},"name":"NCD TH FamilyMemberHistory Example","description":"ตัวอย่าง resource instance ที่สร้างตาม FamilyMemberHistory Profile","exampleCanonical":"https://rathpanyowat.github.io/ncd-th-ig-demo/StructureDefinition/ncdth-family-member-history","groupingId":"-ex-example"},{"extension":[{"url":"http://hl7.org/fhir/StructureDefinition/implementationguide-page","valueUri":"Media-MediaExample.html"}],"reference":{"reference":"Media/MediaExample"},"name":"NCD TH Media Example","description":"ตัวอย่าง resource instance ที่สร้างตาม Media Profile","exampleCanonical":"https://rathpanyowat.github.io/ncd-th-ig-demo/StructureDefinition/ncdth-media","groupingId":"-ex-example"},{"extension":[{"url":"http://hl7.org/fhir/StructureDefinition/implementationguide-page","valueUri":"Observation-ObservationExample2Q.html"}],"reference":{"reference":"Observation/ObservationExample2Q"},"name":"NCD TH Observation - คัดกรองซึมเศร้า 2Q","description":"ตัวอย่าง resource instance ที่สร้างตาม Observation Profile - PE & Survey","exampleCanonical":"https://rathpanyowat.github.io/ncd-th-ig-demo/StructureDefinition/ncdth-observation-pe-survey","groupingId":"-ex-example"},{"extension":[{"url":"http://hl7.org/fhir/StructureDefinition/implementationguide-page","valueUri":"Observation-ObservationExampleAF.html"}],"reference":{"reference":"Observation/ObservationExampleAF"},"name":"NCD TH Observation - AF","description":"ตัวอย่าง resource instance ที่สร้างตาม Observation Profile - PE & Survey","exampleCanonical":"https://rathpanyowat.github.io/ncd-th-ig-demo/StructureDefinition/ncdth-observation-pe-survey","groupingId":"-ex-example"},{"extension":[{"url":"http://hl7.org/fhir/StructureDefinition/implementationguide-page","valueUri":"Observation-ObservationExampleAge.html"}],"reference":{"reference":"Observation/ObservationExampleAge"},"name":"NCD TH Observation - Age","description":"ตัวอย่าง resource instance ที่สร้างตาม Observation Profile - Vital Signs","exampleCanonical":"https://rathpanyowat.github.io/ncd-th-ig-demo/StructureDefinition/ncdth-observation-vital","groupingId":"-ex-example"},{"extension":[{"url":"http://hl7.org/fhir/StructureDefinition/implementationguide-page","valueUri":"Observation-ObservationExampleAlcohol.html"}],"reference":{"reference":"Observation/ObservationExampleAlcohol"},"name":"NCD TH Observation - Alcohol","description":"ตัวอย่าง resource instance ที่สร้างตาม Observation Profile - Social","exampleCanonical":"https://rathpanyowat.github.io/ncd-th-ig-demo/StructureDefinition/ncdth-observation-social","groupingId":"-ex-example"},{"extension":[{"url":"http://hl7.org/fhir/StructureDefinition/implementationguide-page","valueUri":"Observation-ObservationExampleBH.html"}],"reference":{"reference":"Observation/ObservationExampleBH"},"name":"NCD TH Observation - Body Height","description":"ตัวอย่าง resource instance ที่สร้างตาม Observation Profile - Vital Signs","exampleCanonical":"https://rathpanyowat.github.io/ncd-th-ig-demo/StructureDefinition/ncdth-observation-vital","groupingId":"-ex-example"},{"extension":[{"url":"http://hl7.org/fhir/StructureDefinition/implementationguide-page","valueUri":"Observation-ObservationExampleBMI.html"}],"reference":{"reference":"Observation/ObservationExampleBMI"},"name":"NCD TH Observation - BMI","description":"ตัวอย่าง resource instance ที่สร้างตาม Observation Profile - Vital Signs","exampleCanonical":"https://rathpanyowat.github.io/ncd-th-ig-demo/StructureDefinition/ncdth-observation-vital","groupingId":"-ex-example"},{"extension":[{"url":"http://hl7.org/fhir/StructureDefinition/implementationguide-page","valueUri":"Observation-ObservationExampleBP.html"}],"reference":{"reference":"Observation/ObservationExampleBP"},"name":"NCD TH Observation - Blood Pressure (BP)","description":"ตัวอย่าง resource instance ที่สร้างตาม Observation Profile - Vital Signs","exampleCanonical":"https://rathpanyowat.github.io/ncd-th-ig-demo/StructureDefinition/ncdth-observation-vital","groupingId":"-ex-example"},{"extension":[{"url":"http://hl7.org/fhir/StructureDefinition/implementationguide-page","valueUri":"Observation-ObservationExampleBUN.html"}],"reference":{"reference":"Observation/ObservationExampleBUN"},"name":"NCD TH Observation - BUN","description":"ตัวอย่าง resource instance ที่สร้างตาม Observation Profile - Laboratory","exampleCanonical":"https://rathpanyowat.github.io/ncd-th-ig-demo/StructureDefinition/ncdth-observation-lab","groupingId":"-ex-example"},{"extension":[{"url":"http://hl7.org/fhir/StructureDefinition/implementationguide-page","valueUri":"Observation-ObservationExampleBW.html"}],"reference":{"reference":"Observation/ObservationExampleBW"},"name":"NCD TH Observation - Body Weight","description":"ตัวอย่าง resource instance ที่สร้างตาม Observation Profile - Vital Signs","exampleCanonical":"https://rathpanyowat.github.io/ncd-th-ig-demo/StructureDefinition/ncdth-observation-vital","groupingId":"-ex-example"},{"extension":[{"url":"http://hl7.org/fhir/StructureDefinition/implementationguide-page","valueUri":"Observation-ObservationExampleCVD.html"}],"reference":{"reference":"Observation/ObservationExampleCVD"},"name":"NCD TH Observation - CVD Risk","description":"ตัวอย่าง resource instance ที่สร้างตาม Observation Profile - PE & Survey","exampleCanonical":"https://rathpanyowat.github.io/ncd-th-ig-demo/StructureDefinition/ncdth-observation-pe-survey","groupingId":"-ex-example"},{"extension":[{"url":"http://hl7.org/fhir/StructureDefinition/implementationguide-page","valueUri":"Observation-ObservationExampleChol.html"}],"reference":{"reference":"Observation/ObservationExampleChol"},"name":"NCD TH Observation - Chol","description":"ตัวอย่าง resource instance ที่สร้างตาม Observation Profile - Laboratory","exampleCanonical":"https://rathpanyowat.github.io/ncd-th-ig-demo/StructureDefinition/ncdth-observation-lab","groupingId":"-ex-example"},{"extension":[{"url":"http://hl7.org/fhir/StructureDefinition/implementationguide-page","valueUri":"Observation-ObservationExampleCr.html"}],"reference":{"reference":"Observation/ObservationExampleCr"},"name":"NCD TH Observation - Creatinine","description":"ตัวอย่าง resource instance ที่สร้างตาม Observation Profile - Laboratory","exampleCanonical":"https://rathpanyowat.github.io/ncd-th-ig-demo/StructureDefinition/ncdth-observation-lab","groupingId":"-ex-example"},{"extension":[{"url":"http://hl7.org/fhir/StructureDefinition/implementationguide-page","valueUri":"Observation-ObservationExampleDFScreening.html"}],"reference":{"reference":"Observation/ObservationExampleDFScreening"},"name":"NCD TH Observation - Diabetic Foot Screening","description":"ตัวอย่าง resource instance ที่สร้างตาม Observation Profile - PE & Survey","exampleCanonical":"https://rathpanyowat.github.io/ncd-th-ig-demo/StructureDefinition/ncdth-observation-pe-survey","groupingId":"-ex-example"},{"extension":[{"url":"http://hl7.org/fhir/StructureDefinition/implementationguide-page","valueUri":"Observation-ObservationExampleDNScreening.html"}],"reference":{"reference":"Observation/ObservationExampleDNScreening"},"name":"NCD TH Observation - Diabetic Nephropathy Screening","description":"ตัวอย่าง resource instance ที่สร้างตาม Observation Profile - PE & Survey","exampleCanonical":"https://rathpanyowat.github.io/ncd-th-ig-demo/StructureDefinition/ncdth-observation-pe-survey","groupingId":"-ex-example"},{"extension":[{"url":"http://hl7.org/fhir/StructureDefinition/implementationguide-page","valueUri":"Observation-ObservationExampleDRScreening.html"}],"reference":{"reference":"Observation/ObservationExampleDRScreening"},"name":"NCD TH Observation - Diabetic Retinopathy Screening","description":"ตัวอย่าง resource instance ที่สร้างตาม Observation Profile - PE & Survey","exampleCanonical":"https://rathpanyowat.github.io/ncd-th-ig-demo/StructureDefinition/ncdth-observation-pe-survey","groupingId":"-ex-example"},{"extension":[{"url":"http://hl7.org/fhir/StructureDefinition/implementationguide-page","valueUri":"Observation-ObservationExampleDiet.html"}],"reference":{"reference":"Observation/ObservationExampleDiet"},"name":"NCD TH Observation - Diet","description":"ตัวอย่าง resource instance ที่สร้างตาม Observation Profile - Social","exampleCanonical":"https://rathpanyowat.github.io/ncd-th-ig-demo/StructureDefinition/ncdth-observation-social","groupingId":"-ex-example"},{"extension":[{"url":"http://hl7.org/fhir/StructureDefinition/implementationguide-page","valueUri":"Observation-ObservationExampleFBS.html"}],"reference":{"reference":"Observation/ObservationExampleFBS"},"name":"NCD TH Observation - Fasting Blood Sugar (FBS)","description":"ตัวอย่าง resource instance ที่สร้างตาม Observation Profile - Laboratory","exampleCanonical":"https://rathpanyowat.github.io/ncd-th-ig-demo/StructureDefinition/ncdth-observation-lab","groupingId":"-ex-example"},{"extension":[{"url":"http://hl7.org/fhir/StructureDefinition/implementationguide-page","valueUri":"Observation-ObservationExampleHDL.html"}],"reference":{"reference":"Observation/ObservationExampleHDL"},"name":"NCD TH Observation - HDL","description":"ตัวอย่าง resource instance ที่สร้างตาม Observation Profile - Laboratory","exampleCanonical":"https://rathpanyowat.github.io/ncd-th-ig-demo/StructureDefinition/ncdth-observation-lab","groupingId":"-ex-example"},{"extension":[{"url":"http://hl7.org/fhir/StructureDefinition/implementationguide-page","valueUri":"Observation-ObservationExampleLDL.html"}],"reference":{"reference":"Observation/ObservationExampleLDL"},"name":"NCD TH Observation - LDL","description":"ตัวอย่าง resource instance ที่สร้างตาม Observation Profile - Laboratory","exampleCanonical":"https://rathpanyowat.github.io/ncd-th-ig-demo/StructureDefinition/ncdth-observation-lab","groupingId":"-ex-example"},{"extension":[{"url":"http://hl7.org/fhir/StructureDefinition/implementationguide-page","valueUri":"Observation-ObservationExamplePhysical.html"}],"reference":{"reference":"Observation/ObservationExamplePhysical"},"name":"NCD TH Observation - Physical Activity","description":"ตัวอย่าง resource instance ที่สร้างตาม Observation Profile - Social","exampleCanonical":"https://rathpanyowat.github.io/ncd-th-ig-demo/StructureDefinition/ncdth-observation-social","groupingId":"-ex-example"},{"extension":[{"url":"http://hl7.org/fhir/StructureDefinition/implementationguide-page","valueUri":"Observation-ObservationExampleRBS.html"}],"reference":{"reference":"Observation/ObservationExampleRBS"},"name":"NCD TH Observation - Resting Blood Sugar (RBS)","description":"ตัวอย่าง resource instance ที่สร้างตาม Observation Profile - Laboratory","exampleCanonical":"https://rathpanyowat.github.io/ncd-th-ig-demo/StructureDefinition/ncdth-observation-lab","groupingId":"-ex-example"},{"extension":[{"url":"http://hl7.org/fhir/StructureDefinition/implementationguide-page","valueUri":"Observation-ObservationExampleST5.html"}],"reference":{"reference":"Observation/ObservationExampleST5"},"name":"NCD TH Observation - คัดกรองซึมเศร้า ST5","description":"ตัวอย่าง resource instance ที่สร้างตาม Observation Profile - PE & Survey","exampleCanonical":"https://rathpanyowat.github.io/ncd-th-ig-demo/StructureDefinition/ncdth-observation-pe-survey","groupingId":"-ex-example"},{"extension":[{"url":"http://hl7.org/fhir/StructureDefinition/implementationguide-page","valueUri":"Observation-ObservationExampleSmoking.html"}],"reference":{"reference":"Observation/ObservationExampleSmoking"},"name":"NCD TH Observation - Smoking","description":"ตัวอย่าง resource instance ที่สร้างตาม Observation Profile - Social","exampleCanonical":"https://rathpanyowat.github.io/ncd-th-ig-demo/StructureDefinition/ncdth-observation-social","groupingId":"-ex-example"},{"extension":[{"url":"http://hl7.org/fhir/StructureDefinition/implementationguide-page","valueUri":"Observation-ObservationExampleTG.html"}],"reference":{"reference":"Observation/ObservationExampleTG"},"name":"NCD TH Observation - TG","description":"ตัวอย่าง resource instance ที่สร้างตาม Observation Profile - Laboratory","exampleCanonical":"https://rathpanyowat.github.io/ncd-th-ig-demo/StructureDefinition/ncdth-observation-lab","groupingId":"-ex-example"},{"extension":[{"url":"http://hl7.org/fhir/StructureDefinition/implementationguide-page","valueUri":"Observation-ObservationExampleWC.html"}],"reference":{"reference":"Observation/ObservationExampleWC"},"name":"NCD TH Observation - Waist Circumference","description":"ตัวอย่าง resource instance ที่สร้างตาม Observation Profile - Vital Signs","exampleCanonical":"https://rathpanyowat.github.io/ncd-th-ig-demo/StructureDefinition/ncdth-observation-vital","groupingId":"-ex-example"},{"extension":[{"url":"http://hl7.org/fhir/StructureDefinition/implementationguide-page","valueUri":"Organization-OrganizationExample.html"}],"reference":{"reference":"Organization/OrganizationExample"},"name":"NCD TH Organization Example","description":"ตัวอย่าง resource instance ที่สร้างตาม Organization Profile","exampleCanonical":"https://rathpanyowat.github.io/ncd-th-ig-demo/StructureDefinition/ncdth-organization","groupingId":"-ex-example"},{"extension":[{"url":"http://hl7.org/fhir/StructureDefinition/implementationguide-page","valueUri":"Patient-PatientExample.html"}],"reference":{"reference":"Patient/PatientExample"},"name":"NCD TH Patient Example","description":"ตัวอย่าง resource instance ที่สร้างตาม NCD Thailand Patient Profile","exampleCanonical":"https://rathpanyowat.github.io/ncd-th-ig-demo/StructureDefinition/ncdth-patient","groupingId":"-ex-example"}],"page":{"nameUrl":"toc.html","title":"Table of Contents","generation":"html","page":[{"nameUrl":"index.html","title":"Home","generation":"markdown"},{"nameUrl":"artifacts.html","title":"Artifacts Summary","generation":"html","page":[{"nameUrl":"StructureDefinition-ncdth-allergy-intolerance.html","title":"NCD TH AllergyIntolerance Profile","generation":"generated"},{"nameUrl":"StructureDefinition-ncdth-condition.html","title":"NCD TH Condition Profile","generation":"generated"},{"nameUrl":"StructureDefinition-ncdth-coverage.html","title":"NCD TH Coverage Profile","generation":"generated"},{"nameUrl":"StructureDefinition-ncdth-diagnostic-report-lab.html","title":"NCD TH DiagnosticReport Profile for Lab Report","generation":"generated"},{"nameUrl":"StructureDefinition-ncdth-encounter.html","title":"NCD TH Encounter Profile","generation":"generated"},{"nameUrl":"StructureDefinition-ncdth-episode-of-care.html","title":"NCD TH EpisodeOfCare Profile","generation":"generated"},{"nameUrl":"StructureDefinition-ncdth-family-member-history.html","title":"NCD TH FamilyMemberHistory Profile","generation":"generated"},{"nameUrl":"StructureDefinition-ncdth-media.html","title":"NCD TH Media Profile","generation":"generated"},{"nameUrl":"StructureDefinition-ncdth-observation-lab.html","title":"NCD TH Observation Profile - Lab","generation":"generated"},{"nameUrl":"StructureDefinition-ncdth-observation-pe-survey.html","title":"NCD TH Observation Profile - PE & Survey","generation":"generated"},{"nameUrl":"StructureDefinition-ncdth-observation-social.html","title":"NCD TH Observation Profile - Social History","generation":"generated"},{"nameUrl":"StructureDefinition-ncdth-observation-vital.html","title":"NCD TH Observation Profile - Vital Signs","generation":"generated"},{"nameUrl":"StructureDefinition-ncdth-organization.html","title":"NCD TH Organization Profile","generation":"generated"},{"nameUrl":"StructureDefinition-ncdth-patient.html","title":"NCD TH Patient Profile","generation":"generated"},{"nameUrl":"ValueSet-ncdth-lab-vs.html","title":"NCD TH Laboratory Value Set","generation":"generated"},{"nameUrl":"ValueSet-ncdth-vital-vs.html","title":"NCD TH Vital Signs Value Set","generation":"generated"},{"nameUrl":"ValueSet-th-gov-coverage-type-vs.html","title":"Thai Government Coverage Type Value Set","generation":"generated"},{"nameUrl":"CodeSystem-th-gov-coverage-type-cs.html","title":"Thai Government Coverage Type Code System","generation":"generated"},{"nameUrl":"AllergyIntolerance-AllergyIntoleranceExample.html","title":"NCD TH AllergyIntolerance Example","generation":"generated"},{"nameUrl":"Condition-ConditionExample1.html","title":"NCD TH Condition Example 1 - Hypertension","generation":"generated"},{"nameUrl":"Condition-ConditionExample2.html","title":"NCD TH Condition Example 2 - Diabetes Mellitus","generation":"generated"},{"nameUrl":"Coverage-CoverageExample.html","title":"NCD TH Coverage Example","generation":"generated"},{"nameUrl":"DiagnosticReport-DiagnosticReportLabExample1.html","title":"NCD TH DiagnosticReport for Lab Report Example - Lipid Profile","generation":"generated"},{"nameUrl":"DiagnosticReport-DiagnosticReportLabExample2.html","title":"NCD TH DiagnosticReport for Lab Report Example - Metabolic Profile","generation":"generated"},{"nameUrl":"Encounter-EncounterExample.html","title":"NCD TH Encounter Example","generation":"generated"},{"nameUrl":"EpisodeOfCare-EpisodeOfCareExample.html","title":"NCD TH EpisodeOfCare Example","generation":"generated"},{"nameUrl":"FamilyMemberHistory-FamilyMemberHistoryExample.html","title":"NCD TH FamilyMemberHistory Example","generation":"generated"},{"nameUrl":"Media-MediaExample.html","title":"NCD TH Media Example","generation":"generated"},{"nameUrl":"Observation-ObservationExample2Q.html","title":"NCD TH Observation - คัดกรองซึมเศร้า 2Q","generation":"generated"},{"nameUrl":"Observation-ObservationExampleAF.html","title":"NCD TH Observation - AF","generation":"generated"},{"nameUrl":"Observation-ObservationExampleAge.html","title":"NCD TH Observation - Age","generation":"generated"},{"nameUrl":"Observation-ObservationExampleAlcohol.html","title":"NCD TH Observation - Alcohol","generation":"generated"},{"nameUrl":"Observation-ObservationExampleBH.html","title":"NCD TH Observation - Body Height","generation":"generated"},{"nameUrl":"Observation-ObservationExampleBMI.html","title":"NCD TH Observation - BMI","generation":"generated"},{"nameUrl":"Observation-ObservationExampleBP.html","title":"NCD TH Observation - Blood Pressure (BP)","generation":"generated"},{"nameUrl":"Observation-ObservationExampleBUN.html","title":"NCD TH Observation - BUN","generation":"generated"},{"nameUrl":"Observation-ObservationExampleBW.html","title":"NCD TH Observation - Body Weight","generation":"generated"},{"nameUrl":"Observation-ObservationExampleCVD.html","title":"NCD TH Observation - CVD Risk","generation":"generated"},{"nameUrl":"Observation-ObservationExampleChol.html","title":"NCD TH Observation - Chol","generation":"generated"},{"nameUrl":"Observation-ObservationExampleCr.html","title":"NCD TH Observation - Creatinine","generation":"generated"},{"nameUrl":"Observation-ObservationExampleDFScreening.html","title":"NCD TH Observation - Diabetic Foot Screening","generation":"generated"},{"nameUrl":"Observation-ObservationExampleDNScreening.html","title":"NCD TH Observation - Diabetic Nephropathy Screening","generation":"generated"},{"nameUrl":"Observation-ObservationExampleDRScreening.html","title":"NCD TH Observation - Diabetic Retinopathy Screening","generation":"generated"},{"nameUrl":"Observation-ObservationExampleDiet.html","title":"NCD TH Observation - Diet","generation":"generated"},{"nameUrl":"Observation-ObservationExampleFBS.html","title":"NCD TH Observation - Fasting Blood Sugar (FBS)","generation":"generated"},{"nameUrl":"Observation-ObservationExampleHDL.html","title":"NCD TH Observation - HDL","generation":"generated"},{"nameUrl":"Observation-ObservationExampleLDL.html","title":"NCD TH Observation - LDL","generation":"generated"},{"nameUrl":"Observation-ObservationExamplePhysical.html","title":"NCD TH Observation - Physical Activity","generation":"generated"},{"nameUrl":"Observation-ObservationExampleRBS.html","title":"NCD TH Observation - Resting Blood Sugar (RBS)","generation":"generated"},{"nameUrl":"Observation-ObservationExampleST5.html","title":"NCD TH Observation - คัดกรองซึมเศร้า ST5","generation":"generated"},{"nameUrl":"Observation-ObservationExampleSmoking.html","title":"NCD TH Observation - Smoking","generation":"generated"},{"nameUrl":"Observation-ObservationExampleTG.html","title":"NCD TH Observation - TG","generation":"generated"},{"nameUrl":"Observation-ObservationExampleWC.html","title":"NCD TH Observation - Waist Circumference","generation":"generated"},{"nameUrl":"Organization-OrganizationExample.html","title":"NCD TH Organization Example","generation":"generated"},{"nameUrl":"Patient-PatientExample.html","title":"NCD TH Patient Example","generation":"generated"}]}]},"parameter":[{"code":"path-resource","value":"input/capabilities"},{"code":"path-resource","value":"input/examples"},{"code":"path-resource","value":"input/extensions"},{"code":"path-resource","value":"input/models"},{"code":"path-resource","value":"input/operations"},{"code":"path-resource","value":"input/profiles"},{"code":"path-resource","value":"input/resources"},{"code":"path-resource","value":"input/vocabulary"},{"code":"path-resource","value":"input/maps"},{"code":"path-resource","value":"input/testing"},{"code":"path-resource","value":"input/history"},{"code":"path-resource","value":"fsh-generated/resources"},{"code":"path-pages","value":"template/config"},{"code":"path-pages","value":"input/images"},{"code":"path-tx-cache","value":"input-cache/txcache"}]}}