{
  "resourceType": "Observation",
  "id": "ObservationExampleST5",
  "meta": {
    "profile": [
      "https://rathpanyowat.github.io/ncd-th-ig-demo/StructureDefinition/ncdth-observation-pe-survey"
    ]
  },
  "text": {
    "status": "generated",
    "div": "<div xmlns=\"http://www.w3.org/1999/xhtml\"><p><b>Generated Narrative</b></p><div style=\"display: inline-block; background-color: #d9e0e7; padding: 6px; margin: 4px; border: 1px solid #8da1b4; border-radius: 5px; line-height: 60%\"><p style=\"margin-bottom: 0px\">Resource \"ObservationExampleST5\" </p><p style=\"margin-bottom: 0px\">Profile: <a href=\"StructureDefinition-ncdth-observation-pe-survey.html\">NCD TH Observation Profile - PE &amp; Survey</a></p></div><p><b>status</b>: final</p><p><b>category</b>: Survey <span style=\"background: LightGoldenRodYellow; margin: 4px; border: 1px solid khaki\"> (<a href=\"http://terminology.hl7.org/3.0.0/CodeSystem-observation-category.html\">Observation Category Codes</a>#survey)</span></p><p><b>code</b>: Srithanya Stress Scale <span style=\"background: LightGoldenRodYellow; margin: 4px; border: 1px solid khaki\"> (st5#st5)</span></p><p><b>subject</b>: <a href=\"Patient-PatientExample.html\">Patient/PatientExample</a> \" ใจดี\"</p><p><b>encounter</b>: <a href=\"Encounter-EncounterExample.html\">Encounter/EncounterExample</a></p><p><b>effective</b>: 2022-02-20 02:28:17+0700</p><p><b>value</b>: Anxiety <span style=\"background: LightGoldenRodYellow; margin: 4px; border: 1px solid khaki\"> (<a href=\"https://browser.ihtsdotools.org/\">SNOMED CT</a>#48694002)</span></p></div>"
  },
  "status": "final",
  "category": [
    {
      "coding": [
        {
          "system": "http://terminology.hl7.org/CodeSystem/observation-category",
          "code": "survey",
          "display": "Survey"
        }
      ],
      "text": "Survey"
    }
  ],
  "code": {
    "coding": [
      {
        "system": "https://www.srithanya.go.th/st5",
        "code": "st5",
        "display": "Srithanya Stress Scale"
      }
    ],
    "text": "Srithanya Stress Scale"
  },
  "subject": {
    "reference": "Patient/PatientExample"
  },
  "encounter": {
    "reference": "Encounter/EncounterExample"
  },
  "effectiveDateTime": "2022-02-20T14:28:17+07:00",
  "valueCodeableConcept": {
    "coding": [
      {
        "system": "http://snomed.info/sct",
        "code": "48694002",
        "display": "Anxiety"
      }
    ],
    "text": "Anxiety"
  }
}