{
  "resourceType": "Organization",
  "id": "OrganizationExample",
  "meta": {
    "profile": [
      "https://rathpanyowat.github.io/ncd-th-ig-demo/StructureDefinition/ncdth-organization"
    ]
  },
  "text": {
    "status": "generated",
    "div": "<div xmlns=\"http://www.w3.org/1999/xhtml\"><p><b>Generated Narrative</b></p><div style=\"display: inline-block; background-color: #d9e0e7; padding: 6px; margin: 4px; border: 1px solid #8da1b4; border-radius: 5px; line-height: 60%\"><p style=\"margin-bottom: 0px\">Resource \"OrganizationExample\" </p><p style=\"margin-bottom: 0px\">Profile: <a href=\"StructureDefinition-ncdth-organization.html\">NCD TH Organization Profile</a></p></div><p><b>identifier</b>: id: 12345</p><p><b>name</b>: โรงพยาบาล NCD</p><p><b>telecom</b>: <a href=\"tel:+66(333)2222\">+66 (333) 2222</a></p><p><b>address</b>: 199 ถ.เอราวัณ แขวงสามเสนใน เขตพญาไท กรุงเทพมหานคร 10400</p></div>"
  },
  "identifier": [
    {
      "system": "http://thcc.or.th/hcode",
      "value": "12345"
    }
  ],
  "name": "โรงพยาบาล NCD",
  "telecom": [
    {
      "system": "phone",
      "value": "+66 (333) 2222"
    }
  ],
  "address": [
    {
      "text": "199 ถ.เอราวัณ แขวงสามเสนใน เขตพญาไท กรุงเทพมหานคร 10400",
      "line": [
        "199 ถ.เอราวัณ"
      ],
      "city": "แขวงสามเสนใน",
      "district": "เขตพญาไท",
      "state": "กรุงเทพมหานคร",
      "postalCode": "10400"
    }
  ]
}