<?xml version="1.0" encoding="UTF-8"?>

<Observation xmlns="http://hl7.org/fhir">
  <id value="observation-example-age"/>
  <meta>
    <profile value="https://rathpanyowat.github.io/ncd-th-ig-demo/StructureDefinition/ncdth-observation-vital"/>
  </meta>
  <text>
    <status value="generated"/><div xmlns="http://www.w3.org/1999/xhtml"><p><b>Generated Narrative</b></p><div style="display: inline-block; background-color: #d9e0e7; padding: 6px; margin: 4px; border: 1px solid #8da1b4; border-radius: 5px; line-height: 60%"><p style="margin-bottom: 0px">Resource "observation-example-age" </p><p style="margin-bottom: 0px">Profile: <a href="StructureDefinition-ncdth-observation-vital.html">Observation Profile - Vital Signs (NCD TH)</a></p></div><p><b>status</b>: final</p><p><b>category</b>: Vital Signs <span style="background: LightGoldenRodYellow; margin: 4px; border: 1px solid khaki"> (<a href="http://terminology.hl7.org/3.0.0/CodeSystem-observation-category.html">Observation Category Codes</a>#vital-signs)</span></p><p><b>code</b>: Age <span style="background: LightGoldenRodYellow; margin: 4px; border: 1px solid khaki"> (<a href="https://loinc.org/">LOINC</a>#30525-0)</span></p><p><b>subject</b>: <a href="Patient-patient-example.html">Patient/patient-example</a> " ใจดี"</p><p><b>encounter</b>: <a href="Encounter-encounter-example.html">Encounter/encounter-example</a></p><p><b>effective</b>: 2022-02-20 02:28:17+0700</p><p><b>value</b>: 48 years<span style="background: LightGoldenRodYellow"> (Details: UCUM code a = 'a')</span></p></div>
  </text>
  <status value="final"/>
  <category>
    <coding>
      <system value="http://terminology.hl7.org/CodeSystem/observation-category"/>
      <code value="vital-signs"/>
      <display value="Vital Signs"/>
    </coding>
    <text value="Vital Signs"/>
  </category>
  <code>
    <coding>
      <system value="http://loinc.org"/>
      <code value="30525-0"/>
      <display value="Age"/>
    </coding>
    <text value="Age"/>
  </code>
  <subject>
    <reference value="Patient/patient-example"/>
  </subject>
  <encounter>
    <reference value="Encounter/encounter-example"/>
  </encounter>
  <effectiveDateTime value="2022-02-20T14:28:17+07:00"/>
  <valueQuantity>
    <value value="48"/>
    <unit value="years"/>
    <system value="http://unitsofmeasure.org"/>
    <code value="a"/>
  </valueQuantity>
</Observation>